,Hospitals,Federally Qualified Health Centers,School-Based Health Centers,All Free Health Clinics,Other Health Providers
17031010100,1195,200,1722,3140,2008
17031010201,1010,469,1791,2377,1907
17031010202,1401,396,1453,2705,1672
17031010300,1802,531,1377,3140,1746
17031010400,1407,921,979,2882,1317
17031010501,1665,428,993,2887,1362
17031010502,1334,594,540,2585,907
17031010503,1052,204,561,2536,592
17031010600,1654,524,428,2326,797
17031010701,1614,761,1156,1988,1272
17031010702,1851,598,921,2258,1075
17031020100,972,366,2052,2051,2159
17031020200,1616,1120,2817,1376,2924
17031020301,2578,1503,2647,951,2751
17031020302,1852,777,2088,1077,2195
17031020400,1518,380,1551,1572,1656
17031020500,2328,1220,1619,1149,1165
17031020601,2245,1493,2571,290,2257
17031020602,2387,1034,2077,583,1763
17031020701,1166,1134,1820,739,2917
17031020702,1933,1340,2531,684,2370
17031020801,1247,600,1700,390,2368
17031020802,1824,528,2081,461,1828
17031020901,2001,520,1584,931,1331
17031020902,1561,970,1146,1381,905
17031030101,292,1080,1033,2616,1474
17031030102,2066,898,1186,2660,1292
17031030103,356,701,1351,2884,1095
17031030104,479,589,1239,2910,983
17031030200,775,447,713,2157,564
17031030300,1291,914,862,1750,640
17031030400,1360,1417,644,1773,1158
17031030500,1067,1016,252,2016,1095
17031030601,393,1160,1007,2590,1554
17031030603,832,1297,739,2494,1583
17031030604,769,1522,1079,2834,1923
17031030701,1011,1155,864,2589,1688
17031030702,1045,971,1208,2933,1979
17031030703,1079,788,1264,2989,1899
17031030706,956,1075,1522,3247,2083
17031030800,913,1020,868,2593,1692
17031030900,713,1127,968,2287,1669
17031031000,177,651,972,2702,2119
17031031100,490,468,1253,3114,1650
17031031200,711,362,930,3459,1402
17031031300,598,838,1031,3852,1629
17031031400,825,966,1007,4875,1150
17031031501,324,321,362,4112,1065
17031031502,399,186,227,4244,666
17031031700,918,536,724,3585,1121
17031031800,588,415,1158,3043,1684
17031031900,908,644,807,3258,1464
17031032100,411,419,752,4493,159
17031040100,1734,1058,1327,1340,1826
17031040201,630,488,1124,1589,3243
17031040202,723,584,1221,901,2791
17031040300,339,351,1199,1488,3463
17031040401,994,932,685,1854,2897
17031040402,583,993,549,2265,2461
17031040600,1019,729,997,2259,2432
17031040700,508,273,1251,2091,3032
17031040800,260,655,1430,2413,2747
17031040900,731,440,1286,2441,2275
17031050100,1216,362,751,3143,1844
17031050200,878,195,1130,2823,2252
17031050300,439,663,1598,2882,2720
17031050500,1424,773,1233,3401,2353
17031050600,1578,724,814,3505,1928
17031050700,1842,1152,1236,3933,2323
17031050800,1992,1157,1522,3938,2609
17031050900,1720,1350,1806,3837,2381
17031051000,2014,1640,2093,4099,2097
17031051100,1948,1447,1805,4228,2379
17031051200,1662,1439,1519,4220,2537
17031051300,1473,1536,1953,4095,2109
17031051400,1813,1876,2292,3980,1994
17031060100,1146,976,436,3757,1270
17031060200,1342,648,459,3429,1552
17031060300,1512,1008,528,3789,1642
17031060400,1226,1157,532,4071,1356
17031060500,875,806,684,4328,999
17031060800,550,763,1320,5266,712
17031060900,932,1145,1702,5648,1094
17031061000,538,649,1354,4998,778
17031061100,811,742,1069,4713,941
17031061200,1093,1024,943,4507,1223
17031061500,1198,989,1222,4626,1470
17031061800,776,614,1726,5429,938
17031061901,1064,501,2111,5794,1323
17031061902,1430,1632,2264,6146,1592
17031062000,983,438,1948,5592,1298
17031062100,731,328,1650,5294,1343
17031062200,776,655,1620,5068,1522
17031062300,939,820,1513,4809,1738
17031062400,1222,1105,1255,4524,2022
17031062500,1379,1270,1250,4292,2295
17031062600,1186,1249,1677,4349,2363
17031062700,897,960,1608,4630,2440
17031062800,609,672,1815,4870,2170
17031062900,324,387,2069,5143,1950
17031063000,110,249,2194,5262,1828
17031063100,633,403,2181,5559,1668
17031063200,737,968,2701,6133,2019
17031063301,691,379,2589,5315,2035
17031063302,448,533,2748,5448,2162
17031063303,383,897,3074,5591,2392
17031063400,495,340,2312,5158,1867
17031070101,843,1377,3461,5746,2779
17031070102,773,668,2788,5016,2324
17031070103,1008,974,3063,4699,2618
17031070200,948,786,2765,4711,2320
17031070300,683,822,2624,4701,2388
17031070400,869,932,2419,4550,2495
17031070500,1155,1054,2312,4329,2594
17031070600,1426,1029,2196,4089,2312
17031070700,1873,1304,2459,3848,1956
17031071000,1409,550,2990,4010,2730
17031071100,1458,833,3182,4059,2943
17031071200,1444,1117,3233,4129,2887
17031071300,1384,1344,3442,4292,2997
17031071400,1297,1751,3897,5342,3329
17031071500,1811,1633,4243,4503,3974
17031071600,1804,934,3528,3880,3417
17031071700,2091,713,3323,3597,3704
17031071800,2101,593,3187,3541,3552
17031080100,1107,1086,3835,3996,4458
17031080201,1398,1133,3695,3892,4101
17031080202,1117,845,3462,3620,4234
17031080300,1555,883,3326,3571,4185
17031080400,1792,665,3024,3269,3883
17031081000,856,519,3036,3181,3795
17031081100,691,452,3196,3341,3955
17031081201,491,423,3251,3396,3987
17031081202,1007,1147,3913,4058,4672
17031081300,316,718,3604,3749,4192
17031081401,220,724,3454,3599,3913
17031081402,868,1513,3933,3994,4197
17031081403,789,1432,3844,3866,4069
17031081500,552,535,2904,3049,3432
17031081600,677,475,2796,2941,3423
17031081700,892,634,2576,2721,3299
17031081800,1094,798,2407,2552,3166
17031081900,1339,886,2367,2512,3126
17031090100,2847,6958,7687,7421,9125
17031090200,2117,6364,7451,7375,9079
17031090300,1380,6171,7292,7275,8979
17031100100,2618,4098,4918,5770,6848
17031100200,1965,4979,5773,5841,7545
17031100300,1059,4898,6270,6785,7997
17031100400,828,5583,7043,7687,8701
17031100500,1666,5277,6737,8193,8395
17031100600,1644,3874,5334,6790,6992
17031100700,1245,3653,5446,7013,7103
17031110100,3298,3607,4120,4872,6357
17031110200,2990,3105,4141,5447,5881
17031110300,2076,3036,4496,5902,6154
17031110400,2389,2467,3851,5664,5509
17031110501,3118,3100,3449,4763,5620
17031110502,2789,2771,3112,4990,5152
17031120100,3771,5167,5567,4831,6535
17031120200,4307,4353,4464,3735,5439
17031120300,3429,3057,3361,2708,4616
17031120400,3323,2992,2832,4167,5220
17031130100,2273,1901,2272,1552,3530
17031130200,2828,2836,2624,3036,5077
17031130300,1563,1575,1513,1339,3440
17031140100,933,414,406,2220,3889
17031140200,1301,494,271,2570,3959
17031140301,1934,984,898,3203,3952
17031140302,1801,1284,1072,3044,4257
17031140400,2644,2120,1916,3887,4447
17031140500,2205,1628,1201,3891,3751
17031140601,2120,1374,741,3672,3666
17031140602,1840,1085,452,3383,3603
17031140701,1524,503,332,2793,3667
17031140702,1371,817,272,3158,3394
17031140800,790,693,777,2560,3406
17031150200,2176,2158,2528,5351,3998
17031150300,1595,1577,3117,5901,4411
17031150401,1766,1748,3858,6118,5192
17031150402,1153,1135,3954,6701,4817
17031150501,1264,2345,4409,6645,5782
17031150502,1249,1695,4534,7263,5398
17031150600,577,559,4432,7226,4679
17031150700,830,812,3952,6761,4082
17031150800,1405,1387,3384,6207,3497
17031151001,1187,1169,4012,6222,3370
17031151002,1324,1617,3584,5942,2942
17031151100,750,732,4447,6579,3807
17031151200,505,487,4925,7025,4383
17031160100,2508,2316,1842,4567,4093
17031160200,1869,2425,1865,4688,3454
17031160300,1539,2203,1591,4522,3085
17031160400,1702,1729,1122,4054,3016
17031160501,1323,1021,553,3370,3030
17031160502,1567,1307,839,3656,2746
17031160601,675,1099,1180,2962,2986
17031160602,862,1458,1552,3204,2704
17031160700,1314,1811,1881,3687,2265
17031160800,1713,1730,1262,4079,2301
17031160900,1522,2284,1682,4616,2507
17031161000,962,2226,2153,5085,2543
17031161100,1135,2397,2574,5404,2720
17031161200,822,2090,3082,5455,2440
17031161300,379,1667,2641,5012,1997
17031170100,367,2949,5375,7931,6669
17031170200,1139,1121,5004,7798,5259
17031170300,783,2023,5880,8568,6220
17031170400,1391,2949,6475,9031,7146
17031170500,2261,3993,7345,9901,8162
17031170600,2586,3254,7670,9788,7659
17031170700,2323,3533,7317,9417,7288
17031170800,2027,3012,6989,9089,6823
17031170900,2262,3224,6485,8585,6326
17031171000,1363,1940,6059,8159,5860
17031171100,1084,1066,5404,7504,4964
17031180100,1455,2633,5621,7721,5422
17031190100,1432,1929,2935,5436,2438
17031190200,1839,1503,3350,5585,2861
17031190300,1325,927,3909,6004,3442
17031190401,1629,1611,4823,6923,4554
17031190402,1070,1052,4346,6446,3995
17031190601,1383,1493,4256,6356,4036
17031190602,1664,927,3778,5878,3469
17031190701,1738,548,3530,5625,3075
17031190702,2023,261,3243,5338,2794
17031190800,2403,929,2776,5011,2313
17031190900,2011,1358,2365,4865,1882
17031191000,2731,1472,1709,4208,2055
17031191100,3036,941,2292,4504,2371
17031191200,2501,315,2775,4870,2894
17031191301,1265,1503,3782,5901,4046
17031191302,1782,948,3191,5291,3491
17031200100,1048,1523,2515,5092,2008
17031200200,1523,878,1887,4484,1385
17031200300,1798,651,1507,4104,1093
17031200401,2284,1148,1515,4024,1587
17031200402,2012,812,894,3591,1251
17031210100,1871,2381,2326,4314,1894
17031210400,569,1159,2151,4879,1644
17031210501,544,1234,1919,4361,1346
17031210502,904,936,1541,4289,1030
17031210601,1144,1675,2245,4037,1309
17031210602,1282,1507,2077,3763,1141
17031210700,1710,2054,2615,3673,1072
17031210800,2032,2135,2776,3519,1028
17031210900,2338,2352,2857,3703,1245
17031220300,2000,1626,2360,2955,537
17031220400,2069,1602,2298,2986,327
17031220500,1783,1475,2012,3107,506
17031220601,1773,943,1501,3525,567
17031220602,1475,1157,1718,3567,782
17031220701,1522,413,1010,3945,432
17031220702,1200,450,1323,4281,816
17031220901,2060,738,400,3358,759
17031220902,1743,421,661,3619,443
17031221000,2063,937,862,3183,497
17031221100,2186,1076,1151,2941,786
17031221200,1998,1012,1473,2749,774
17031221300,1754,1060,1778,2457,600
17031221400,1637,1151,1997,2456,665
17031221500,1289,1254,1649,2373,875
17031221600,1313,1278,1673,2519,1268
17031222200,989,958,1353,2199,1317
17031222500,1443,663,1452,2118,1046
17031222600,1542,604,1165,2293,1112
17031222700,1767,665,832,2522,1219
17031222800,2039,945,543,2753,935
17031222900,2273,718,250,2990,967
17031230100,1230,321,1436,1981,1410
17031230200,1475,373,1099,2230,1503
17031230300,1751,657,812,2462,1222
17031230400,1772,354,703,2671,1384
17031230500,2211,512,1148,3110,2034
17031230600,1933,919,1542,2832,2442
17031230700,1324,755,1114,2223,1820
17031230800,1373,673,1336,2000,1766
17031230900,1145,475,1577,1881,1982
17031231100,1042,790,780,1574,2238
17031231200,747,1110,626,1921,2397
17031231500,236,414,266,1966,2877
17031240200,1337,1084,1633,2560,2229
17031240300,1049,1098,1447,2378,1940
17031240500,570,619,978,1904,1664
17031240600,602,559,954,1545,1428
17031240700,886,297,1238,1543,1301
17031240800,1231,414,1583,1885,1323
17031240900,532,473,1113,1376,1858
17031241000,654,328,1003,1283,1623
17031241100,369,282,540,1108,1863
17031241200,230,213,452,1380,2000
17031241300,548,562,709,1642,2161
17031241400,752,883,913,1842,2371
17031241500,1138,1208,1299,2226,2379
17031241600,1419,1292,1580,2348,2762
17031242000,1428,714,1459,1768,2382
17031242100,1140,451,1301,1654,2213
17031242200,858,733,1019,1368,2293
17031242300,573,795,734,1091,2361
17031242400,408,512,453,811,2577
17031242500,702,431,549,545,2449
17031242600,402,384,736,649,2214
17031242700,281,281,1241,774,2414
17031242800,1282,1057,1158,469,2588
17031242900,984,1018,1029,755,2021
17031243000,1147,809,1308,1043,1794
17031243100,1432,524,1125,1332,1724
17031243200,1401,237,840,1222,1639
17031243300,1686,616,1001,1310,1924
17031243400,1628,848,1099,1252,1866
17031243500,2131,1380,1687,1832,2446
17031250200,3205,1422,2301,4104,2939
17031250300,2666,1402,2447,4629,3464
17031250400,1751,1791,2908,5527,4334
17031250500,664,2846,4231,6904,5389
17031250600,1501,1531,2092,5189,4569
17031250700,2072,1610,1826,4609,3989
17031250800,2588,1912,2325,4099,3469
17031251000,2089,1921,1689,3380,3739
17031251100,1993,1505,1718,3738,4059
17031251200,1496,1029,1245,4262,4543
17031251300,927,957,1514,4821,5099
17031251400,489,519,938,4924,5669
17031251500,1052,443,659,4410,5118
17031251600,1560,948,1161,3937,4640
17031251700,1988,1376,1589,3570,4301
17031251800,2051,1074,1094,3354,4227
17031251900,1314,402,383,4056,4896
17031252000,1052,434,683,4666,5498
17031252101,587,587,1282,4345,4732
17031252102,731,731,1066,3883,4544
17031252201,1288,1288,1383,3384,4073
17031252202,1621,1621,1802,2767,3485
17031260100,835,452,1011,1867,3142
17031260200,1013,712,997,2156,3142
17031260300,1293,989,1277,2434,3365
17031260400,1593,1280,1577,2726,3641
17031260500,1873,1353,2165,2407,3056
17031260600,1540,1023,1835,2074,2797
17031260700,1240,725,1537,1774,2584
17031260800,951,441,1525,1485,2568
17031260900,1267,720,1903,1903,2108
17031261000,1713,1422,2234,2349,2561
17031270500,739,544,1691,1287,2839
17031271200,718,1288,1304,332,2062
17031271300,431,1006,1565,619,2349
17031271400,393,733,1691,926,2656
17031271500,608,306,1402,1312,2513
17031271800,994,1080,1041,794,1671
17031280100,1910,1634,1677,1780,2394
17031280400,1033,856,487,872,1084
17031280800,1282,446,519,857,1282
17031280900,1134,362,381,1059,1134
17031281900,1876,2064,1915,1508,2137
17031282700,920,991,905,1254,1104
17031282800,604,1030,902,1645,964
17031283100,408,715,640,1115,1039
17031283200,709,1016,931,1275,1330
17031283800,1750,1148,1426,981,1895
17031290900,2315,1077,1902,2951,1666
17031291200,1159,730,730,1983,1780
17031291600,414,486,1003,2100,1946
17031292200,1393,508,1143,2620,1233
17031292400,1674,256,1548,3041,806
17031292500,2265,847,1795,3619,1084
17031300500,1958,651,1830,3351,329
17031300600,1721,322,1621,3114,572
17031300700,1462,606,1467,2960,859
17031300800,1188,386,1291,2784,1147
17031300900,924,398,1071,2564,1434
17031301100,865,539,1311,2731,1789
17031301200,1135,400,1550,2953,2223
17031301600,2041,550,1799,3543,1280
17031301701,2248,319,1513,3641,704
17031301702,2542,610,1233,3935,997
17031301801,3032,1375,682,4416,1126
17031301802,2406,727,1256,3790,341
17031301803,2996,1168,799,4380,933
17031310200,2120,1273,1212,852,833
17031310300,2254,900,1035,1124,1114
17031310400,2007,673,858,1262,1358
17031310500,1963,558,632,1503,1373
17031310600,1598,193,447,1661,1774
17031310700,1340,252,301,1880,1972
17031310800,1190,408,401,2047,1796
17031310900,1393,778,842,2363,1682
17031320100,892,1385,2929,2883,3115
17031320400,1634,2144,2653,2582,2785
17031320600,2166,2422,2032,1961,2164
17031330100,1750,1750,1483,2163,1615
17031330200,1769,1769,859,1372,910
17031340300,1167,1167,1236,1882,982
17031340400,1017,1017,1107,2108,1040
17031340500,1622,701,1358,2604,974
17031340600,2185,1262,1040,3059,995
17031350100,1832,1625,1146,2898,1696
17031350400,803,803,989,2366,371
17031351000,1762,1476,1076,2720,1626
17031351100,2000,436,622,1945,774
17031351400,1730,761,525,2494,370
17031351500,1897,961,723,2715,590
17031360200,2252,115,775,1626,1077
17031380100,1758,617,876,1310,1560
17031380200,1733,793,596,1627,1293
17031380500,2336,1576,779,2375,1196
17031380700,1590,1258,665,1655,1559
17031381200,772,406,954,1054,772
17031381400,966,925,521,1028,966
17031381500,1256,931,427,1320,1256
17031381700,1412,1165,488,1462,1412
17031381800,668,1195,798,726,668
17031381900,330,768,553,943,330
17031390100,2433,768,1809,1129,2433
17031390200,1690,383,1066,169,1690
17031390300,1444,604,820,462,1444
17031390400,862,331,238,717,862
17031390500,1150,619,526,438,1150
17031390600,1506,1025,932,841,1506
17031390700,2131,1702,1743,1450,2131
17031400300,888,684,1290,650,888
17031400400,1162,943,1578,528,1162
17031400500,1450,660,1661,719,1450
17031400800,1182,1456,2170,1231,1752
17031410100,2320,2033,1932,1781,2320
17031410200,1343,1256,955,1182,1343
17031410500,917,406,570,1326,917
17031410600,1201,690,853,1166,1201
17031410700,1454,974,1125,1353,1485
17031410800,1685,1242,1335,1556,1723
17031410900,2357,2073,2345,2308,2440
17031411000,1713,2200,2635,2702,2120
17031411100,1132,1547,2012,2190,1224
17031411200,978,1208,1687,1851,1089
17031420100,1273,1768,2862,3103,1400
17031420200,1019,1713,2205,2326,581
17031420300,780,1499,2016,2082,597
17031420400,493,1207,1839,1775,871
17031420500,812,1377,1804,1813,1025
17031420600,1085,1612,1845,1607,1309
17031420700,1313,1840,1280,2042,1087
17031420800,1071,1746,1311,2314,667
17031421200,1690,2255,926,2586,1456
17031430101,1015,373,2090,4357,2122
17031430102,1727,1187,2936,5500,3279
17031430200,1184,724,1656,4100,1688
17031430300,1269,1213,1190,3648,1234
17031430400,768,1230,869,3880,1763
17031430500,943,570,1361,4417,2118
17031430600,1317,362,1875,4936,2696
17031430700,1674,1120,2770,5447,3226
17031430800,1028,651,2078,5089,2951
17031430900,581,1077,1550,4561,2423
17031431200,590,1085,2270,5281,3322
17031431301,900,1417,3090,6007,3786
17031431302,1149,1226,2642,5611,3390
17031431400,2116,1613,3805,6482,4261
17031440101,1581,2860,1571,4351,3167
17031440102,2180,3459,2207,4985,3801
17031440201,2199,3478,1990,4198,3425
17031440202,2591,3668,2417,4678,3852
17031440300,2983,2887,2309,4020,4158
17031440600,3574,2636,3043,4899,4997
17031440700,3069,3342,2906,5171,4341
17031440800,2905,3463,2929,5648,4464
17031440900,3037,2928,3404,5669,4839
17031450300,1283,2106,2419,5430,3665
17031460100,2493,1573,4725,7537,5316
17031460200,1898,352,4148,7159,5132
17031460301,1679,1071,3757,6768,5003
17031460302,994,824,3351,6362,4449
17031460400,818,1000,2994,6005,4240
17031460500,625,1717,2454,5465,3700
17031460600,1181,865,3565,6576,4811
17031460700,1774,654,4158,7169,5404
17031461000,1468,542,4624,7635,5870
17031470100,2215,3272,3540,6318,4886
17031480100,1283,1806,3012,6023,4258
17031480200,2070,2640,2787,5798,4075
17031480300,1577,2344,3323,6334,4611
17031480400,742,1564,3631,6642,4877
17031480500,682,598,4107,7118,5353
17031490300,2994,2106,3462,5430,5571
17031490400,3005,2456,3852,6023,5287
17031490500,2745,2428,4351,6319,5814
17031490600,2240,1025,3650,5829,6630
17031490700,1647,1381,4217,6311,7112
17031490800,2048,2097,4697,6665,6487
17031490901,907,957,4282,7747,7676
17031490902,1494,1543,4821,7201,7098
17031491000,784,676,5076,7178,7979
17031491100,1323,1215,4573,6800,8241
17031491200,1061,951,4881,7664,9105
17031491300,493,383,4333,8037,8808
17031491400,838,367,3727,8244,8180
17031500100,2605,2981,4663,7426,6009
17031500200,2163,1840,4979,8223,7151
17031500300,1448,498,3764,8830,7939
17031510100,2038,1433,5447,8458,6693
17031510200,1458,1769,5116,8127,6362
17031510300,1503,2414,4707,7718,5953
17031520100,2679,1671,5904,8915,7150
17031520200,2734,1171,6016,9027,7262
17031520300,3636,509,7040,10051,8286
17031520400,3764,419,6989,10000,8235
17031520500,4512,1118,7217,10748,8983
17031520600,4462,910,6649,11019,9254
17031530100,1271,348,3532,8729,8751
17031530200,1350,1209,4402,8447,9621
17031530300,2431,2313,5347,8271,10023
17031530400,2856,3165,4947,9430,11150
17031530501,1986,1828,4053,9022,10227
17031530502,2539,2215,2900,10033,10607
17031530503,2878,2913,3490,9563,11196
17031530600,2099,1467,3101,9632,9853
17031540101,4736,1269,1356,12269,11737
17031540102,3564,1251,1812,10967,10371
17031550100,6524,1665,5080,13098,11333
17031550200,6493,2670,3578,13162,11397
17031560100,4520,839,2697,5547,3735
17031560200,4867,515,3044,5583,4082
17031560300,4984,533,3647,5123,4685
17031560400,5377,548,3554,4783,4456
17031560700,4985,1375,4519,5164,5677
17031560800,5110,664,5423,6034,6454
17031560900,3967,1074,6584,7195,7586
17031561000,4522,1075,6763,6674,7953
17031561100,5664,735,5616,5527,6910
17031570100,4953,1853,2625,4524,2949
17031570200,5129,1180,2801,4851,3125
17031570300,4860,333,2830,4180,3880
17031570400,4270,836,2127,3569,3654
17031570500,4534,294,3155,3854,4313
17031580100,2671,1026,1158,3437,3527
17031580200,2788,1625,758,3954,3091
17031580300,3313,1827,882,4349,3385
17031580400,3933,943,1208,3593,4005
17031580501,3318,1222,412,3344,3622
17031580502,3603,1016,840,3005,4050
17031580600,3356,1452,1010,2725,4207
17031580700,3695,1447,1349,2422,4432
17031580800,3816,1478,2058,1852,5024
17031590500,3234,485,1461,2762,3470
17031590600,3666,641,1893,2336,3320
17031590700,3674,1155,2387,2002,2828
17031600400,1696,1696,1711,2080,1332
17031600600,2301,1515,1279,2250,1518
17031600700,2658,1263,1385,2607,1875
17031600900,2627,1813,1664,2786,2054
17031610300,4467,1314,2194,1607,4159
17031610400,3910,444,2584,733,3910
17031610800,2358,667,1020,2302,2358
17031611000,2471,741,1826,1034,2471
17031611100,2936,604,2177,599,2936
17031611200,3222,336,2462,313,3222
17031611300,3509,300,2748,322,3509
17031611400,3793,584,3032,606,3793
17031611500,3923,878,2878,1157,4344
17031611600,3187,928,3212,616,4073
17031611700,3370,636,3415,327,3777
17031611800,3489,349,3263,541,3489
17031611900,3061,500,2835,692,3061
17031612000,2682,925,2456,1117,2682
17031612100,2405,1107,2179,1418,2405
17031620100,3774,1074,2698,3093,4338
17031620200,4110,608,3337,3430,4495
17031620300,3739,517,3153,3059,4949
17031620400,3027,372,2441,2347,4879
17031630100,2940,1122,2965,1324,4533
17031630200,2713,1170,2059,1967,4974
17031630300,3200,959,2453,2499,4724
17031630400,2517,1107,1910,1802,5395
17031630500,2441,1150,2444,1399,4823
17031630800,1938,1152,1331,1225,5895
17031630900,2479,1151,1881,1781,5428
17031640100,3775,1587,3192,3103,5998
17031640300,5585,1319,5030,4941,7496
17031640400,5676,1669,6183,6094,8551
17031640500,5545,2098,6053,5964,8980
17031640600,5191,1755,4892,4803,7927
17031640700,4136,2650,3727,3638,7055
17031640800,3230,2166,3028,3101,6577
17031650100,2480,935,1896,1802,5443
17031650200,3190,1082,2607,2518,5528
17031650301,2637,1654,2055,2508,6108
17031650302,1914,1152,1332,1786,6002
17031650400,2047,1929,1939,2562,6781
17031650500,3871,3853,4196,4801,8258
17031660301,1136,438,529,433,6164
17031660302,1428,730,821,725,6439
17031660400,1903,575,1308,1214,6000
17031660500,1331,573,748,1204,6565
17031660600,676,676,601,230,5947
17031660700,981,981,1169,1130,5502
17031660800,385,385,435,517,6191
17031660900,692,692,841,1400,6961
17031661000,1246,1246,1831,1952,6522
17031661100,1330,1330,1446,2038,7504
17031670100,2471,1183,3275,1197,3455
17031670200,2734,935,3408,912,3739
17031670300,3018,927,3138,628,4023
17031670400,2787,1095,2853,629,4309
17031670500,2259,526,2284,991,4861
17031670600,2207,1094,2294,1208,4776
17031670700,2472,1377,2579,1206,4490
17031670800,2185,1492,2850,1488,4203
17031670900,1905,1212,3129,1212,3923
17031671100,2137,1464,2529,1464,4178
17031671200,2008,1841,2095,1855,4572
17031671300,1548,1548,1887,1688,4919
17031671400,1279,1279,1605,1406,5207
17031671500,1584,1584,2268,2259,5097
17031671600,2005,1243,2397,2010,4646
17031671800,2817,1543,1623,2418,4773
17031671900,2630,1682,1751,2587,4964
17031672000,1998,1878,2318,2680,5545
17031680500,2186,1461,3020,1485,3170
17031680600,1611,918,3069,918,3629
17031680900,516,603,2681,603,2820
17031681000,1212,795,2629,809,3516
17031681100,1737,457,2049,1364,3860
17031681200,1132,545,2426,1103,3240
17031681300,1800,1026,2025,1604,3745
17031681400,2302,1021,1473,1930,4247
17031690300,991,1109,1888,1590,2702
17031690400,1430,1596,1335,2029,2149
17031690500,1945,2197,842,2544,1979
17031690900,1719,2396,815,2991,2233
17031691000,1994,2148,1387,2593,2725
17031691100,1506,1581,1921,2105,3146
17031691200,2123,2012,1784,2581,3763
17031691300,2225,2693,1941,3161,3287
17031691400,1653,2924,1369,3572,2804
17031691500,1129,2400,1049,3925,2741
17031700100,1950,1950,2450,2656,7397
17031700200,3231,3647,3850,4442,8155
17031700301,2500,4054,4280,4872,8562
17031700302,1892,4230,4367,4959,9078
17031700401,2760,2893,3009,3601,8610
17031700402,2531,3510,3657,4249,9179
17031700501,2201,1926,2910,3515,7571
17031700502,1709,2082,3133,4255,8242
17031710100,2528,1536,1377,2286,4365
17031710200,2945,1665,962,2574,4789
17031710300,3102,1013,1225,3146,5395
17031710400,2572,1247,1801,3254,5972
17031710500,3055,877,1454,3738,6345
17031710600,3610,663,885,3650,5788
17031710700,3898,723,444,3527,5624
17031710800,3512,1230,383,3153,5209
17031710900,3283,1605,1222,3426,4923
17031711000,3853,1250,888,3652,5699
17031711100,3296,677,1103,4178,6271
17031711200,2972,590,1645,4286,6825
17031711300,2482,1046,2064,4916,6876
17031711400,3285,1488,1223,4232,5984
17031711500,3929,1578,1930,4134,5587
17031720100,1671,1933,2928,5074,7684
17031720200,2189,1535,3633,6275,8027
17031720300,1448,2156,4108,6001,8648
17031720400,1332,2945,4917,6276,9437
17031720500,1678,3587,5621,6980,10079
17031720600,2245,2901,4963,6810,9393
17031720700,2969,2121,4232,6861,8613
17031730100,3331,983,2512,4716,6169
17031730201,2458,1691,2080,4990,6742
17031730202,2902,1316,1961,4476,6228
17031730300,2178,1461,2454,5358,7175
17031730400,2621,801,2582,5278,7030
17031730500,2453,528,3465,5689,7081
17031730600,2834,927,3290,5919,7671
17031730700,2290,1496,3859,6488,8240
17031740100,2369,4630,6626,7218,11122
17031740200,2548,4898,6570,7162,11390
17031740300,3161,5363,7147,7739,11957
17031740400,3656,6283,7997,8589,12941
17031750100,1886,1776,4504,7133,8885
17031750200,3038,2928,5089,7653,9470
17031750300,2321,3843,5954,7400,10335
17031750400,2702,3919,6234,8070,10615
17031750500,2407,3041,5566,8195,9947
17031750600,1919,1809,5062,7691,9443
17031760801,3216,6716,8504,9876,10162
17031760802,3524,4687,8608,11164,9425
17031760803,3137,6081,8144,9600,9802
17031770602,5377,10644,12882,12941,14540
17031770902,3176,5291,7834,9337,9470
17031810400,1664,6017,7477,8523,9135
17031821402,2102,3830,4422,10139,11859
17031823304,3313,5268,7583,8415,11964
17031830500,3422,1583,1094,4806,1418
17031830600,1755,874,521,2199,556
17031830700,1454,1299,1182,4276,1578
17031830800,1027,863,1213,2784,1932
17031830900,1957,1922,2317,3163,1177
17031831000,1178,1227,1580,2512,1812
17031831100,853,1849,2144,4588,1573
17031831200,2401,684,756,3348,1642
17031831300,2811,1438,2075,3710,2961
17031831400,940,940,1853,3830,3805
17031831500,1006,1807,4566,6666,4350
17031831600,711,2354,4926,7026,4897
17031831700,1548,2090,2783,5613,3133
17031831800,1303,1302,1079,2137,4214
17031831900,1578,1416,830,4203,1897
17031832000,884,726,1362,5006,1014
17031832100,323,310,1177,4821,563
17031832200,1450,1407,1852,2773,1532
17031832300,2096,1075,2453,3380,1964
17031832400,991,721,1343,1694,1078
17031832500,1825,449,2789,3673,2276
17031832600,1932,556,2921,3587,3109
17031832900,497,1209,1134,749,804
17031833000,1358,1569,863,982,1596
17031833100,1027,1841,1096,682,1282
17031833300,1116,1428,1390,1368,1423
17031833900,1596,478,4363,7374,5609
17031834000,3072,1621,3206,5174,6023
17031834200,333,1418,1586,4597,2696
17031834300,1244,2523,1860,4871,3106
17031834400,1407,2101,1736,2714,300
17031834500,1349,802,1803,1050,1781
17031834600,998,950,2277,1091,2374
17031834700,1779,1092,2602,1092,2744
17031834800,1242,549,3163,549,3260
17031834900,1853,957,2394,1454,4092
17031835000,1427,496,1449,672,5657
17031835100,2008,439,2028,1251,5185
17031835200,5346,972,3922,4666,5080
17031835500,2312,1317,1023,2353,1738
17031835600,1201,755,985,1236,1201
17031835700,1766,1360,550,1831,1725
17031835800,1243,911,891,1308,1243
17031835900,1945,1185,378,1957,903
17031836000,1119,530,1148,926,1119
17031836100,546,1273,1094,563,546
17031836200,520,782,1297,1406,1159
17031836300,880,794,492,1076,880
17031836400,2602,720,1755,1081,2259
17031836500,2508,1042,1581,1666,1602
17031836600,695,425,1160,1203,2521
17031836700,944,666,1276,1079,2932
17031836800,843,513,1066,1397,3149
17031836900,909,950,1684,741,2493
17031837000,1080,1004,1085,120,1845
17031837100,1524,1099,1627,700,2379
17031837300,767,759,1026,926,2107
17031837400,1225,897,842,598,1379
17031837800,1445,430,706,1224,1445
17031838000,762,682,211,1061,762
17031838100,482,1146,760,461,521
17031838200,425,553,848,1308,627
17031838300,1286,946,2841,2986,3600
17031838600,811,959,681,943,1975
17031838700,1618,373,1198,2382,1491
17031838800,5135,4818,6519,11443,9838
17031839000,2423,2238,1591,1312,1642
17031839100,1689,1486,2430,1966,2481
17031839200,591,591,446,2762,724
17031839500,1340,347,678,2585,525
17031839600,1853,700,340,2209,470
17031839700,2974,1762,2157,3118,2025
17031839800,2263,1349,2006,2671,1586
17031839900,3154,1731,2038,2832,1986
17031840000,2214,1293,1878,2706,1291
17031840100,1418,1418,1434,1803,1055
17031840200,1804,1804,1582,1935,1203
17031840300,2775,525,1783,3289,3332
17031840400,3074,691,1796,2618,2555
17031840700,597,341,1144,2427,2188
17031840800,1768,322,1871,3364,1564
17031841000,518,518,407,2416,955
17031841100,1333,1333,556,1263,177
17031841200,1099,666,552,2659,1978
17031841300,1902,689,1470,3523,2856
17031841400,1184,661,1084,2577,1122
17031841500,922,963,486,1770,1895
17031841600,648,841,700,2193,1516
17031841700,593,786,725,2218,1730
17031841800,1443,1548,357,3238,1914
17031841900,1788,1598,1699,718,1672
17031842000,1169,288,903,2930,584
17031842100,1181,1549,686,2569,3311
17031842200,2162,549,2536,2783,3397
17031842300,1876,1136,2037,2552,3166
17031842400,3276,2348,1770,3596,4843
17031842500,1056,1394,2066,1394,2206
17031842600,3409,985,2071,1823,2759
17031842800,3425,560,1459,2442,4669
17031842900,776,493,585,1856,1205
17031843000,1451,774,1686,2097,1876
17031843100,591,755,178,1583,2115
17031843200,2169,1155,882,2681,2445
17031843300,397,204,879,1709,1588
17031843400,2265,743,1358,3649,680
17031843500,1862,1003,1865,3692,2477
17031843600,682,404,474,1050,682
17031843700,1724,1685,2149,3956,2369
17031843800,1682,808,1456,1552,1682
17031843900,562,1024,2471,3866,1603
17031980000,7480,9106,13191,13812,14827
17031980100,5872,2174,5125,5192,6283
