geoid10,lat,lon,population,lower_areal_unit,access,access_sd,access_time
17031842400,41.7424751,-87.6300402,5157,44,0.1075739389569289,0.14721031592106795,29.5
17031840300,41.83209420000001,-87.6818817,5881,59,8.605921907539432,11.776834566856948,8.75
17031841100,41.8510057,-87.6350976,3363,34,20.981223831753674,28.71190381826356,2.95
17031841200,41.8555619,-87.6833421,3710,31,53.76586412605317,73.57627619208507,9.2
17031838200,41.8704157,-87.67507940000002,3296,28,70.06172726620775,95.87646510707067,7.083333333333333
17031650301,41.774927399999996,-87.7299913,5744,65,0.3038328489827036,0.41578220635622654,27.566666666666666
17031530503,41.6635979,-87.637412,5147,53,0.0,0.0,0.0
17031760803,41.9753463,-87.8441545,7343,76,0.0,0.0,0.0
17031540102,41.6673324,-87.60544909999999,3268,54,3.9840000853327853,5.4519330320908095,20.85
17031540101,41.650219899999996,-87.5997933,3922,54,5.7955519519404906,7.930963968175574,21.15
17031440201,41.7482101,-87.6100747,5343,44,0.0,0.0,0.0
17031839000,41.871043799999995,-87.6314037,5898,32,2.488380147315476,3.4052413732353184,21.866666666666667
17031030601,41.988887,-87.6549376,3538,77,22.313230180737087,30.534697306575136,6.55
17031030604,41.98591939999999,-87.6527318,2961,77,19.04297961559678,26.05949984236304,12.816666666666666
17031020801,41.9868083,-87.6944152,4512,2,28.688840760811182,39.25944659792716,6.5
17031843300,41.8637638,-87.6925502,3652,29,61.05943880885473,83.55721993793983,3.4
17031080202,41.905859299999996,-87.63089959999999,3533,8,24.749664080908055,33.86885247131791,14.083333333333334
17031070102,41.9305829,-87.6422022,2656,7,37.265720487344005,50.99653818723328,11.133333333333333
17031031501,41.9672843,-87.65244809999999,3430,3,62.83116567443242,85.98175207031777,5.35
17031031502,41.9636328,-87.6523659,4386,3,67.96712783520198,93.01009573400248,3.1
17031834900,41.772294099999996,-87.656734,3335,67,9.262327845571537,12.675097905051343,15.95
17031834800,41.7836301,-87.6450875,5554,68,23.036900364518786,31.52500887655321,9.15
17031160502,41.9555843,-87.713088,4568,16,12.117717372964995,16.582575854460625,13.983333333333333
17031140702,41.9635485,-87.71357590000001,6252,14,24.67073530060599,33.76084182490862,4.533333333333333
17031842000,41.834960200000005,-87.62517079999999,7989,35,41.7972832043954,57.19778716688032,4.8
17031150402,41.9567979,-87.77204350000001,3695,15,12.568510673000926,17.199467127168976,18.916666666666668
17031834400,41.776944799999995,-87.59630959999998,4342,42,6.3551566868265015,8.696759016793052,5.0
17031040201,41.9725805,-87.6940005,6195,4,53.91442138344399,73.77957041933864,8.133333333333333
17031040202,41.979855,-87.6940963,6691,4,41.20500552872823,56.38728060187604,9.733333333333333
17031020702,41.9952892,-87.7053885,8232,2,11.720196292385868,16.03858532641305,11.4
17031020802,41.994059,-87.6946301,7942,2,18.151852846284015,24.84003112616425,7.683333333333334
17031020301,42.0068653,-87.7051864,5239,2,5.514724251676524,7.546663319932156,15.85
17031838700,41.8625779,-87.7201859,5504,29,25.822969473300407,35.33762480991495,6.216666666666667
17031841500,41.8616224,-87.70791290000001,5079,29,57.02028560324461,78.02981222918677,8.1
17031838600,41.8678237,-87.7008245,2361,29,54.71757414695776,74.87865048646418,11.35
17031837300,41.871618700000006,-87.7055517,4802,27,35.35404807711021,48.38049658666696,12.65
17031837800,41.884750200000006,-87.6841277,4698,28,29.064231126689098,39.77315219326414,7.166666666666667
17031837400,41.8759749,-87.6938017,4542,27,36.60681138099664,50.09484937069285,9.966666666666667
17031836900,41.8818825,-87.706135,6468,27,35.341427834883184,48.363226327129624,12.35
17031020601,42.000874700000004,-87.7018025,6697,2,8.98584912199602,12.296748644648217,4.833333333333333
17031020602,42.001315600000005,-87.6936373,4102,2,18.275679603610367,25.009482726080023,9.716666666666667
17031020302,42.0085408,-87.6949637,4651,2,12.466084414625556,17.05930119106722,12.95
17031020902,41.9942499,-87.6786969,4195,2,24.836962223230692,33.98831623024732,15.083333333333334
17031010701,42.0091486,-87.6786213,3946,1,30.478794844604174,41.70892189570233,12.683333333333334
17031030103,41.995380600000004,-87.6546958,2238,77,24.657594182036295,33.74285876846429,5.933333333333334
17031030102,41.9933961,-87.6551308,2956,77,24.182679524717145,33.09295845415591,0.0
17031010502,42.0045171,-87.66332740000001,3690,1,30.014223560461478,41.07317604341105,9.0
17031010503,42.000320200000004,-87.6631272,2228,1,35.86190368574546,49.07547517827004,3.4
17031010702,42.0090199,-87.6727255,5274,1,34.744988092682874,47.54702415280613,9.966666666666667
17031837100,41.8856734,-87.6987204,2744,27,19.380893519147982,26.52192050835548,11.666666666666666
17031837000,41.8783238,-87.6986748,6052,27,28.559262245521975,39.08212396423663,2.0
17031010201,42.0160078,-87.6801489,7083,1,31.57568349186478,43.20996690585222,7.816666666666666
17031020901,41.9942356,-87.68608499999999,5013,2,17.294972101836958,23.6674266243691,8.666666666666666
17031040401,41.9720665,-87.6860812,2836,4,48.37873447739882,66.20422060710105,11.416666666666666
17031210602,41.93416679999999,-87.71257270000001,4126,21,9.916476470890625,13.570272207733627,19.016666666666666
17031160501,41.9592099,-87.7129733,4498,16,22.721038393907072,31.09276533381356,9.216666666666667
17031191302,41.9202287,-87.7705328,5088,19,7.484120938726592,10.241698114471225,15.8
17031190602,41.9275605,-87.77073730000001,5265,19,8.072930823696591,11.047459156823559,15.45
17031840200,41.8445752,-87.6491923,7491,60,2.8309731122045934,3.8740651337360386,20.05
17031530501,41.6742779,-87.6321658,5192,53,0.0,0.0,0.0
17031831400,41.8691184,-87.756088,3716,25,16.609100361540122,22.728840601123675,15.666666666666666
17031831300,41.9077665,-87.7442598,3310,25,1.4546375653739476,1.9906090417967284,23.966666666666665
17031833000,41.8852883,-87.6572426,5421,28,15.5431002398444,21.27006521176515,14.383333333333333
17031760801,41.9834847,-87.8448472,4399,76,0.0,0.0,0.0
17031020701,41.9868914,-87.7036893,1893,2,28.46120782009408,38.94794069378412,12.316666666666666
17031010501,42.00941160000001,-87.6639579,3831,1,27.14753828018314,37.15024034125168,7.133333333333334
17031252101,41.875487799999995,-87.7695728,1787,25,30.233261347615592,41.37291984900433,9.783333333333333
17031252102,41.8765925,-87.7598119,5888,25,33.74353581122985,46.17657971094553,12.183333333333334
17031252202,41.8767584,-87.74458320000001,4871,25,1.0619461512260124,1.4532277048601485,27.016666666666666
17031220601,41.925825,-87.71288320000001,1596,22,15.196245650473873,20.79540960116832,9.45
17031210502,41.933784700000004,-87.7220526,4909,21,20.911431144741947,28.61639552319137,15.066666666666666
17031220602,41.9293312,-87.71198129999999,4690,22,13.555710829229731,18.550408147688422,13.033333333333333
17031220901,41.9191817,-87.7212485,3297,22,25.51967573567861,34.9225803543051,6.666666666666667
17031220902,41.9227111,-87.7218355,3325,22,23.5375979186734,32.21019197798745,7.016666666666667
17031200401,41.919828700000004,-87.73754240000001,3814,20,7.571387475897026,10.361118623107064,19.133333333333333
17031200402,41.9196351,-87.7296796,4033,20,23.052910595353897,31.54691818992463,13.533333333333333
17031191301,41.920152,-87.780265,5941,19,5.634007605369553,7.709897467082852,21.083333333333332
17031190601,41.9274146,-87.7804607,4777,19,3.5671304965288813,4.881464901419504,23.05
17031190701,41.929796100000004,-87.761422,3072,19,8.32789650158181,11.396368738033,9.133333333333333
17031190702,41.9261628,-87.761039,5090,19,7.997070503496258,10.94364756629478,4.35
17031190401,41.9347278,-87.78095259999999,4183,19,0.8820094864472539,1.2069921061202904,26.85
17031190402,41.934859499999995,-87.7712315,4642,19,15.74324724629783,21.543957795195254,17.533333333333335
17031832100,41.952821899999996,-87.6532421,4622,6,44.35718862442806,60.70090780432342,5.166666666666667
17031843800,41.801656799999996,-87.6404755,6713,61,13.877321965760311,18.990519177101937,13.466666666666667
17031842800,41.8075338,-87.69830440000001,8507,58,9.075185042201785,12.419001015102507,9.333333333333334
17031980100,41.7859902,-87.7509615,7363,56,0.0,0.0,0.0
17031833300,41.8716917,-87.6541256,5349,28,23.8141408471924,32.588629100098586,18.6
17031832900,41.8741749,-87.66189,3872,28,59.94135333637444,82.02716798273086,8.283333333333333
17031838000,41.877364299999996,-87.6806501,2319,28,61.13855075197528,83.66548123480068,3.5166666666666666
17031838100,41.878665000000005,-87.6716801,5269,28,73.07500040595558,100.0,7.683333333333334
17031833100,41.879076500000004,-87.6570448,5830,28,26.493490195444046,36.255203624035616,11.366666666666667
17031839100,41.881026899999995,-87.6327464,5729,32,1.3415085731107832,1.8357968739764123,24.766666666666666
17031030706,41.980235,-87.65160490000001,3460,77,30.701491344308497,42.013672492304686,15.933333333333334
17031150401,41.9645676,-87.77226479999999,4805,15,0.30476302573795566,0.417055113301262,29.133333333333333
17031150501,41.9644763,-87.78196390000001,3743,15,4.720292326644265,6.459517345770091,21.066666666666666
17031842900,41.8631386,-87.672938,6834,28,63.72419308028242,87.20382172599882,8.216666666666667
17031841900,41.8678924,-87.6429689,2992,28,5.935783945470548,8.122865429347003,11.966666666666667
17031843000,41.8679347,-87.722752,5326,29,20.476174641563315,28.020765689786458,12.9
17031842100,41.895278499999996,-87.73361009999999,7838,23,20.129649585344943,27.546561031157225,11.433333333333334
17031080201,41.90949929999999,-87.6310071,3235,8,11.963944766300871,16.372144645688998,18.883333333333333
17031070101,41.9304641,-87.6325582,3988,7,12.036796746685683,16.471839452367202,14.05
17031063301,41.934540999999996,-87.6430244,2626,6,40.0718323991463,54.836581835831865,6.316666666666666
17031063303,41.9347305,-87.63466,1157,6,24.99036945422487,34.19824743810493,6.383333333333334
17031081201,41.899154700000004,-87.62621390000001,4552,8,37.76772022116206,51.6835032656175,7.05
17031081202,41.9061375,-87.6218104,3221,8,23.998414182597912,32.840799246361755,16.783333333333335
17031040402,41.972545200000006,-87.6788184,4701,4,31.083189923286767,42.536010606376266,9.15
17031220702,41.9293686,-87.7242312,4426,22,20.81044092018694,28.478194737705266,7.5
17031842200,41.9049338,-87.6498855,7962,8,9.831347943181392,13.453777473233023,9.15
17031842300,41.9022009,-87.65606640000001,6138,24,6.05627349322269,8.287750201270073,18.933333333333334
17031843700,41.9448264,-87.6907877,5594,5,0.45962491128126026,0.6289769534422076,28.083333333333332
17031835000,41.7828495,-87.68604930000001,4182,66,19.201251157923778,26.276087651391766,8.266666666666667
17031835100,41.7901577,-87.6862483,5174,63,12.907864121498049,17.663857748601618,7.316666666666666
17031834700,41.790690399999995,-87.64503359999999,2785,68,13.715811575084723,18.769499143193833,18.2
17031151001,41.9423823,-87.754352,2538,15,11.66352360645829,15.961031189413058,19.483333333333334
17031151002,41.942492200000004,-87.7471564,4685,15,4.404378102582308,6.027202296427704,22.066666666666666
17031160602,41.956093,-87.70063490000001,3983,16,12.832776322571569,17.561103320261772,14.366666666666667
17031140601,41.9646474,-87.72589140000001,2969,14,10.199411850933664,13.957457125244732,12.35
17031140701,41.967037100000006,-87.71265179999999,2385,14,29.160116087483193,39.90436664452848,5.533333333333333
17031140602,41.9646521,-87.7210165,5614,14,18.053647492682188,24.705641316987013,7.533333333333333
17031140301,41.9692055,-87.7231696,2748,14,20.227524294738632,27.680498367934458,14.966666666666667
17031841800,41.7663066,-87.5994213,3815,69,9.429230229122378,12.90349664966119,5.95
17031842500,41.7769505,-87.6232158,2957,69,11.472275301330587,15.699316096610794,17.6
17031842600,41.8162185,-87.6516948,9358,61,10.768909459335894,14.73679014644006,16.416666666666668
17031843500,41.8382144,-87.69675409999999,12552,30,16.037049748621175,21.94601390288075,16.716666666666665
17031843400,41.8493273,-87.7320217,4988,29,17.71511904694306,24.24237967640064,11.333333333333334
17031843200,41.8474396,-87.6633947,6194,31,17.565806536889788,24.03805191831129,14.7
17031140302,41.972549,-87.7237901,4472,14,13.291896003756069,18.18938888801263,17.866666666666667
17031110501,41.977002399999996,-87.7619251,4636,11,0.0,0.0,0.0
17031110502,41.9702868,-87.7598508,3646,11,0.0,0.0,0.0
17031760802,41.957832200000006,-87.847217,2401,76,0.0,0.0,0.0
17031150502,41.9567782,-87.7818408,4290,15,5.481549480309833,7.501265069939143,20.816666666666666
17031843100,41.860750200000005,-87.7007125,3376,29,54.912961948242994,75.14603030199588,2.966666666666667
17031834300,41.745844700000006,-87.5917741,5444,45,5.569568385752948,7.621715162247239,20.733333333333334
17031843900,41.776599,-87.57601700000001,2643,42,17.05658412753352,23.34120291861595,9.366666666666667
17031831200,41.9153185,-87.7322498,6231,20,19.045246753322424,26.062602322983015,11.4
17031831600,41.925610600000006,-87.79761490000001,2598,18,9.867706526702111,13.503532633436564,11.85
17031831500,41.9276422,-87.7880229,5266,19,8.75664557746637,11.983093436634054,16.766666666666666
17031831100,41.9428559,-87.7174958,2593,21,9.879911699176473,13.520234887841703,14.216666666666667
17031831700,41.952650399999996,-87.7452543,5050,15,0.844009417347269,1.1549906433917483,25.8
17031440202,41.74096,-87.6097621,3604,44,0.0,0.0,0.0
17031440102,41.7409356,-87.6011635,3156,44,0.0,0.0,0.0
17031430102,41.7693827,-87.5616345,3414,43,5.202605458333687,7.119542154541921,19.783333333333335
17031030702,41.9806769,-87.65479559999999,1460,77,38.7934828183092,53.08721533054901,16.183333333333334
17031030603,41.9854759,-87.65839709999999,2048,77,24.171041310729848,33.07703205809345,12.316666666666666
17031030701,41.9827458,-87.6579669,1734,77,27.977065360655534,38.28541252854433,14.4
17031840800,41.840833399999994,-87.7073719,5952,30,26.131499981815953,35.759835561610544,5.366666666666666
17031836300,41.80153189999999,-87.60175749999999,6465,41,46.45263628626454,63.56843794485791,8.2
17031838300,41.9015666,-87.63840400000001,4535,8,19.122051959128726,26.167706948887385,15.766666666666667
17031839800,41.8350677,-87.64316290000001,7462,60,2.811779869635154,3.8478000054940753,22.483333333333334
17031836600,41.8986971,-87.70880550000001,6715,23,49.69815536752986,68.00979143542979,7.083333333333333
17031730202,41.7264117,-87.64854179999999,3479,73,2.9678678156422187,4.061399656729032,21.933333333333334
17031430101,41.7698263,-87.5739526,3913,43,16.913050233742972,23.14478294873135,6.216666666666667
17031063302,41.934765000000006,-87.6398547,4186,6,38.33908253744595,52.465388059472836,7.466666666666667
17031836200,41.790469,-87.6012844,1329,41,25.876834044914943,35.41133616306623,8.666666666666666
17031840100,41.8418679,-87.63919990000001,7773,60,9.726601337870823,13.310436241992974,17.583333333333332
17031580502,41.81456179999999,-87.6993103,4893,58,13.679670181910499,18.72004119865268,14.0
17031841400,41.853310799999996,-87.7144125,6621,29,45.32398429400228,62.023926161084766,11.016666666666667
17031081401,41.8950395,-87.6197531,2516,8,37.87067726903364,51.824395564351164,3.6666666666666665
17031081403,41.8919084,-87.60996779999999,7004,8,29.391495906124568,40.22099999020893,13.15
17031030703,41.978874600000005,-87.6578702,2579,77,40.762406630759884,55.78160301650544,13.133333333333333
17031836000,41.8140032,-87.61168359999999,2904,38,48.168723752559345,65.91682994863673,8.833333333333334
17031835800,41.8130457,-87.618718,6676,38,36.420642021943436,49.840084597488655,14.85
17031835900,41.8201666,-87.6214991,6888,38,22.355805875954776,30.592960317154905,6.3
17031834500,41.7880823,-87.624736,3334,40,17.223986560001222,23.570285958694946,13.366666666666667
17031843600,41.8067653,-87.60894859999999,2469,38,47.69293266804955,65.26573028135432,6.733333333333333
17031834600,41.787247,-87.63430629999999,5475,68,25.74213989195408,35.22701299890257,15.833333333333334
17031831800,41.978233200000005,-87.7164526,2157,13,18.493272580377162,25.307249370702667,17.983333333333334
17031832600,41.914749,-87.6540548,4342,7,14.831824432112288,20.296714813159962,9.266666666666667
17031061901,41.9432357,-87.6434578,3785,6,44.60768142005306,61.043696438238484,8.35
17031770602,42.0123907,-87.9044885,5640,76,0.0,0.0,0.0
17031839700,41.833079999999995,-87.6523575,4450,60,0.1309341643881563,0.1791777812668821,29.366666666666667
17031839900,41.8271229,-87.6487068,9166,60,0.16701750423239137,0.2285562823189249,28.85
17031835200,41.796643700000004,-87.7452868,5453,56,12.9545748143222,17.727779325836867,16.2
17031838800,41.6835098,-87.57231920000001,3331,51,0.0,0.0,0.0
17031833900,41.7318649,-87.5477994,6308,46,12.00419493188925,16.427225268836146,7.966666666666667
17031836800,41.8850451,-87.713863,5105,27,44.36716348200139,60.71455796856279,8.55
17031836700,41.891704,-87.70217459999999,4718,23,50.41189846846096,68.98651821882497,11.1
17031832200,41.9204773,-87.6799713,3454,22,4.958032373980508,6.784854391292526,23.45
17031831000,41.914788,-87.67699990000001,3363,22,17.053015997415987,23.336320085776112,19.633333333333333
17031832400,41.9157414,-87.6922571,3017,22,36.13674391084906,49.4515822238763,12.016666666666667
17031770902,41.9700657,-87.83618409999998,4936,76,0.0,0.0,0.0
17031660301,41.7799542,-87.6982875,1790,66,32.86478354895307,44.974044976227745,7.216666666666667
17031660302,41.783595700000006,-87.6983927,5554,66,25.798211996920084,35.30374526664736,12.083333333333334
17031252201,41.876695700000006,-87.7521048,3007,25,12.72270718508659,17.410478432306235,21.466666666666665
17031070103,41.9268108,-87.6426048,1679,7,25.35898969961159,34.702688414278605,16.233333333333334
17031220701,41.9261553,-87.7215648,3459,22,20.128754602697473,27.54533628583735,6.883333333333334
17031834000,41.7275362,-87.62949909999999,3590,49,0.391141147514813,0.5352598636221632,27.016666666666666
17031834200,41.7555675,-87.5836069,4893,43,15.619263771056898,21.374291733543306,5.55
17031835500,41.816354,-87.6325417,1457,37,11.623400530292955,15.906124482683756,17.05
17031839500,41.8340977,-87.6192902,6327,35,43.42072062810333,59.419391566044474,5.783333333333333
17031839200,41.8420111,-87.62203670000001,6197,35,46.994343044868636,64.30974038152536,7.433333333333334
17031840400,41.833848100000004,-87.66768,3606,59,7.997261988424829,10.943909605196604,11.516666666666667
17031841000,41.848448600000005,-87.61738709999999,5000,33,42.59132844813553,58.28440398429934,6.783333333333333
17031301802,41.8451852,-87.7277605,2897,30,25.911193196001733,35.45835518584545,5.683333333333334
17031730201,41.726830299999996,-87.65791159999999,5824,73,0.3850137541782175,0.5268747889693327,28.183333333333334
17031580501,41.8199863,-87.6994969,5059,58,11.631131592591753,15.916704109445098,6.866666666666666
17031700302,41.7383651,-87.7313063,5686,70,0.0,0.0,0.0
17031700402,41.7382301,-87.7118233,3840,70,0.0,0.0,0.0
17031700401,41.7455372,-87.7120356,6261,70,0.0,0.0,0.0
17031830500,41.8300655,-87.723951,3163,30,6.787137154118871,9.287905735770236,18.233333333333334
17031841700,41.8531303,-87.7041821,7009,30,62.33322863744415,85.30034661808092,9.883333333333333
17031841600,41.8553761,-87.707601,4320,29,62.21552297193968,85.1392714694657,10.8
17031840700,41.8529302,-87.6942665,2658,30,63.37055136922284,86.7198782308295,5.683333333333334
17031841300,41.8440833,-87.6830306,4487,31,18.40845496907976,25.191180111959984,11.483333333333333
17031301801,41.8416617,-87.73504890000001,4246,30,12.773221441104447,17.479605022435873,11.366666666666667
17031530502,41.6648049,-87.62667370000001,1495,53,0.0,0.0,0.0
17031071400,41.922153,-87.6294059,4357,7,4.213683710071787,5.766245209255413,21.616666666666667
17031071600,41.916472999999996,-87.6411838,1715,7,10.161258741401108,13.905246233256225,15.566666666666666
17031832300,41.919207,-87.67144909999999,4605,22,6.417471108468654,8.782033626845704,17.916666666666668
17031832500,41.9218779,-87.6641188,6735,7,9.021400976844545,12.345399831307159,7.483333333333333
17031832000,41.946293,-87.65429590000001,4805,6,48.62034441030442,66.53485342484088,12.1
17031030104,41.997277000000004,-87.655642,3688,77,26.47289337326475,36.2270177573714,7.983333333333333
17031030101,41.9912706,-87.6546675,3727,77,23.03123367136586,31.517254250317905,4.866666666666666
17031160601,41.95953170000001,-87.70214940000001,3999,16,26.978839990801667,36.9193839766341,11.25
17031210501,41.9374016,-87.7223308,4569,21,15.52663101863296,21.247527789774118,9.066666666666666
17031210601,41.9376352,-87.712213,3066,21,9.239795274214373,12.644263048763985,19.066666666666666
17031700502,41.7388519,-87.6887682,3001,70,0.24795137473709206,0.33931080856604984,28.483333333333334
17031836100,41.7998049,-87.6186823,7204,40,36.472852418499976,49.911532283108215,9.1
17031835700,41.812844399999996,-87.62759770000001,5512,38,13.908450530473432,19.033117281159672,9.166666666666666
17031836400,41.8211751,-87.5958325,6477,36,16.032802452167044,21.940201660074678,12.0
17031836500,41.8282771,-87.60063819999999,1614,36,10.40291563606063,14.235943316139615,17.366666666666667
17031839600,41.8274414,-87.6192499,6725,35,31.051886114874193,42.49317268884131,5.666666666666667
17031840000,41.831166499999995,-87.638299,5046,60,5.0912538609596485,6.967162275300807,21.516666666666666
17031835600,41.80183529999999,-87.632201,7385,37,28.098335550237227,38.45136557528808,12.583333333333334
17031830800,41.9651416,-87.6765782,5860,4,36.781398996071445,50.333765024616795,14.383333333333333
17031460301,41.7400279,-87.5563646,2639,46,12.283100136963176,16.808895064969594,17.85
17031301701,41.842479700000005,-87.71962359999999,3744,30,31.090148605573894,42.54553326425991,5.316666666666666
17031310400,41.85650820000001,-87.65226390000001,1426,31,26.544724831449486,36.32531602324302,11.216666666666667
17031530100,41.681852500000005,-87.61793990000001,2091,53,21.478947915757296,29.393017853485738,5.8
17031081100,41.90020689999999,-87.6291097,3657,8,36.73448553554903,50.2695659684939,7.533333333333333
17031150700,41.9495919,-87.7619588,4621,15,17.430718705711698,23.85319002241306,13.533333333333333
17031640100,41.7820943,-87.7399953,1230,64,0.5056783993659737,0.6919991742138412,26.45
17031081300,41.898335700000004,-87.6207537,5053,8,37.84549476265735,51.78993438578614,5.266666666666667
17031301702,41.8388064,-87.71952490000001,3694,30,25.52883585761211,34.9351155878085,10.166666666666666
17031700301,41.7456224,-87.7317115,5796,70,0.0,0.0,0.0
17031490902,41.70328,-87.61532609999999,4825,49,2.098077393362776,2.87112881519982,24.9
17031490901,41.6960581,-87.6162675,4215,49,24.373971534004202,33.35473335422347,15.116666666666667
17031650302,41.7750956,-87.7177499,4148,65,8.821883402339507,12.07236859846877,19.2
17031831900,41.9451696,-87.66879200000001,4583,6,11.707794594495905,16.021614135416037,13.833333333333334
17031830900,41.9286293,-87.685372,5237,22,2.5679491439825575,3.51412812824736,19.616666666666667
17031830700,41.960972600000005,-87.6591714,2590,3,11.648377270081086,15.94030407850911,19.7
17031830600,42.001698100000006,-87.6735741,4733,1,25.919255892316272,35.46938863951599,8.683333333333334
17031700501,41.746213,-87.690342,7871,70,0.0,0.0,0.0
17031460302,41.7470864,-87.5573907,3506,46,16.820254220907128,23.01779559009935,13.733333333333333
17031431302,41.7583854,-87.5627858,3401,43,12.560535780333275,17.188553829018655,19.15
17031431301,41.753530100000006,-87.5601862,3421,43,11.431761016156756,15.64387403715303,15.0
17031440101,41.7486354,-87.6013955,3747,44,1.159709335349152,1.5870124240938577,26.183333333333334
17031301803,41.839549700000006,-87.7278709,5054,30,16.965016291185673,23.215896266766265,13.316666666666666
17031310200,41.856308500000004,-87.64420909999998,1526,31,19.21148985087902,26.29009886302141,13.883333333333333
17031310300,41.8561398,-87.64898029999999,1493,31,25.361237717278176,34.70576472991883,15.0
17031310500,41.8552242,-87.6547505,1722,31,26.64689945182222,36.46513760354425,9.3
17031510300,41.7157378,-87.5749725,6037,51,1.1670601537690917,1.5970717034357713,25.05
17031491400,41.689122999999995,-87.616821,2698,49,30.17216957216736,41.28931837776403,6.116666666666666
17031500200,41.7008558,-87.6003019,2091,50,0.0,0.0,0.0
17031530200,41.6815614,-87.6323959,4893,53,11.543846632558795,15.797258389913024,20.15
17031740100,41.69728610000001,-87.6986078,2805,74,0.0,0.0,0.0
17031140500,41.9653616,-87.7318313,4121,14,4.774243388995123,6.5333470577798645,20.016666666666666
17031140800,41.964494099999996,-87.70277490000001,7209,14,47.15469587975694,64.52917635004742,11.55
17031150200,41.960675099999996,-87.75241340000001,7821,15,0.0,0.0,0.0
17031150300,41.9605182,-87.7622861,7526,15,1.140169734791497,1.5602733198186527,26.283333333333335
17031300900,41.8481802,-87.70270040000001,3963,30,53.68717069275522,73.46858760794443,6.633333333333334
17031301100,41.8470218,-87.6979675,3182,30,52.58516490857958,71.96054001567124,8.983333333333333
17031301200,41.8484172,-87.6914771,3518,30,42.473622164200734,58.12332798938876,6.666666666666667
17031740400,41.6872387,-87.71931590000001,4809,74,0.0,0.0,0.0
17031640300,41.7815321,-87.7716353,6947,64,2.923204146447066,4.00027934342485,21.983333333333334
17031640600,41.7760359,-87.7714293,4432,64,0.13834525255924301,0.18931953717508013,29.25
17031010400,42.0054401,-87.6571665,4730,1,24.261634925449673,33.20100552948114,15.35
17031020400,42.0084864,-87.6859115,4294,2,15.134799990876951,20.711323854667366,6.333333333333333
17031160300,41.957268799999994,-87.730897,3877,16,1.330728436384658,1.8210447197975033,25.65
17031310700,41.855990500000004,-87.6649064,1241,31,40.853795804883475,55.906665176773515,4.2
17031071500,41.914914200000005,-87.62676259999999,5710,7,0.5597441114100213,0.7659857794053497,27.216666666666665
17031071700,41.9128656,-87.6410697,1813,7,9.731357010529237,13.316944175803433,11.883333333333333
17031071800,41.914586,-87.6459669,2670,7,13.226000010475335,18.099213050975806,9.883333333333333
17031670500,41.786578000000006,-87.67640390000001,1040,67,13.083076581998366,17.903628476657662,8.766666666666667
17031670600,41.783005700000004,-87.6715777,1636,67,9.660454980756237,13.219917792800882,18.233333333333334
17031670700,41.7830684,-87.66673109999999,1547,67,6.273802730146051,8.58542962065415,20.1
17031670800,41.7831441,-87.6618788,1688,67,3.400816149040219,4.6538708589087525,24.8
17031670900,41.783213,-87.65702309999999,1496,67,7.8011484524924475,10.675536652965462,20.2
17031671100,41.7767815,-87.6617115,1486,67,2.2883562448614763,3.1315172523419874,24.4
17031671200,41.776699799999996,-87.6665833,1063,67,0.0,0.0,0.0
17031671300,41.7739014,-87.67134890000001,2190,67,1.772784053602937,2.4259788487917078,25.8
17031671400,41.7737925,-87.6762295,1864,67,10.296714541054751,14.090611678211602,21.316666666666666
17031671500,41.7681724,-87.66963249999999,3254,67,1.358705107037716,1.8593295921856503,26.4
17031671600,41.7695,-87.66151190000001,2291,67,4.111970739842616,5.627055377351038,20.716666666666665
17031230500,41.9117237,-87.73394959999999,3710,23,13.32725023010611,18.237769628558148,8.533333333333333
17031230600,41.9061891,-87.7339953,6933,23,8.843626223216717,12.102122715138522,15.316666666666666
17031240600,41.91216179999999,-87.68971040000001,1340,24,51.26232873975178,70.15029552510809,9.316666666666666
17031241000,41.9079977,-87.6945342,2036,24,63.80489228178887,87.31425511779922,5.466666666666667
17031191000,41.9192298,-87.743801,2901,19,1.882733115575407,2.5764394185647728,24.533333333333335
17031080300,41.9074905,-87.6357996,4480,8,11.730639009601937,16.052875736482232,14.716666666666667
17031300800,41.8481109,-87.70758190000001,4674,30,41.64041395189404,56.98311833125952,6.433333333333334
17031650200,41.782222600000004,-87.7302269,7628,65,7.128113218512159,9.75451683737688,18.033333333333335
17031660500,41.7752435,-87.7079434,5702,66,23.634022262834613,32.34214455222699,9.55
17031221400,41.92080120000001,-87.6945317,2799,22,10.62145572413365,14.535006041913078,11.083333333333334
17031161000,41.9499768,-87.7306832,1726,16,9.092077758892202,12.442117972470381,16.033333333333335
17031340600,41.8274174,-87.63253909999999,1066,34,13.357845145613718,18.279637456594607,16.583333333333332
17031670100,41.79049379999999,-87.6572084,1601,67,9.831480028891033,13.453958226854517,19.716666666666665
17031240500,41.911970200000006,-87.68363690000001,2154,24,45.442107563830454,62.185572783283824,9.5
17031240700,41.9121161,-87.6945971,1427,24,50.85902740533596,69.5983949679061,4.95
17031240800,41.9121064,-87.6994836,1816,24,37.365630778348525,51.13326113003106,6.9
17031240900,41.904742299999995,-87.70188399999999,1236,24,56.65077200388649,77.52414873646649,7.883333333333334
17031241100,41.906666799999996,-87.689581,4015,24,67.55492135896687,92.44600887263378,4.7
17031190300,41.9349863,-87.76146329999999,5445,19,13.697580847153292,18.744551174900774,15.45
17031190800,41.9278189,-87.7513629,6881,19,7.430188022039647,10.167893234023287,15.483333333333333
17031190900,41.9279225,-87.7441045,1864,19,3.628265108236798,4.965124992241664,22.633333333333333
17031191100,41.9196291,-87.75097579999999,7936,19,7.37724364547944,10.095441128287968,15.683333333333334
17031191200,41.920143599999996,-87.76082770000001,3975,19,7.995488486330462,10.94148264373986,5.25
17031080100,41.9075536,-87.6267896,6657,8,20.2767503602798,27.747862124715432,18.1
17031080400,41.9074116,-87.640902,4907,8,9.066212278367603,12.406722173112312,11.083333333333334
17031081000,41.9002652,-87.63210809999998,7427,8,34.32645800952302,46.97428370691522,8.65
17031150600,41.949472899999996,-87.7717574,3868,15,17.92264979642939,24.526376595091612,9.316666666666666
17031301600,41.8407576,-87.71225279999999,4513,30,27.462631666986052,37.58143211005424,9.166666666666666
17031821402,41.6622753,-87.65213229999999,4716,53,0.0,0.0,0.0
17031750300,41.6953913,-87.6861729,2657,75,0.0,0.0,0.0
17031750100,41.6958342,-87.6520277,4411,75,0.11726429204388378,0.16047114798828901,29.6
17031740200,41.7047146,-87.7127053,6307,74,0.0,0.0,0.0
17031650400,41.7653247,-87.7171801,7284,65,0.0,0.0,0.0
17031650500,41.7622541,-87.7320579,4163,65,0.0,0.0,0.0
17031660600,41.777286700000005,-87.6933397,6164,66,38.4826391936961,52.66183917880593,3.8333333333333335
17031020500,42.0013131,-87.68419859999999,6004,2,13.46496688788449,18.42622896076933,19.15
17031221100,41.921021,-87.71036190000001,4810,22,22.31721700512196,30.540153104539865,13.1
17031221300,41.921125200000006,-87.699753,2762,22,14.473580292856202,19.806473092645525,10.0
17031221500,41.9216472,-87.68995190000001,2574,22,14.891700589519736,20.378652763313664,14.583333333333334
17031221600,41.9212507,-87.6850983,3118,22,10.742694898242657,14.700916645314358,21.133333333333333
17031160800,41.950213,-87.71281440000001,5388,16,3.7407898897592498,5.119110323609902,21.033333333333335
17031160900,41.9500821,-87.72260820000001,2272,16,1.2333979585405996,1.6878521405250355,25.366666666666667
17031161100,41.9498772,-87.7381513,2026,16,7.150421057009897,9.785044156396804,18.916666666666668
17031161200,41.9425489,-87.73857,2664,16,9.684462334302944,13.252770825183143,13.7
17031161300,41.9426994,-87.73100229999999,3943,16,10.265446441665624,14.047822626941779,6.316666666666666
17031330200,41.86134129999999,-87.6305353,3756,33,12.10625459016878,16.56688952844963,14.316666666666666
17031420600,41.78301389999999,-87.6132786,2056,42,10.67947174445658,14.614398474346373,18.083333333333332
17031420700,41.7766912,-87.6106927,3050,42,10.121217376615233,13.850451345040785,18.116666666666667
17031661000,41.7618185,-87.68504449999999,5717,66,9.14398771325816,12.513154515854,20.766666666666666
17031823304,41.6814162,-87.70276949999999,4073,75,0.0,0.0,0.0
17031640400,41.7811783,-87.7912475,3653,64,0.27063786090317876,0.37035629065986553,27.816666666666666
17031640500,41.7756823,-87.7909877,3183,64,0.0,0.0,0.0
17031640700,41.776410799999994,-87.75193440000001,3235,64,0.0,0.0,0.0
17031640800,41.7748237,-87.7397411,1772,64,0.0,0.0,0.0
17031650100,41.7823762,-87.7178562,4510,65,12.173732575194954,16.659230253254712,15.583333333333334
17031010100,42.0212614,-87.6698437,4189,1,27.390221931196027,37.482342496112715,3.3333333333333335
17031020100,42.015719399999995,-87.68711479999999,3990,2,26.10948566999205,35.729709921238864,6.1
17031151200,41.942169299999996,-87.7714961,3680,15,17.95643578911504,24.57261127521198,8.116666666666667
17031310800,41.855933799999995,-87.66857390000001,4734,31,47.70983103376658,65.28885496917253,6.683333333333334
17031660400,41.782531799999994,-87.7080435,5975,66,14.489663979408824,19.82848292701196,9.583333333333334
17031670400,41.790299600000004,-87.6717697,1858,67,16.59183186932455,22.70520941108654,10.483333333333333
17031340400,41.8418854,-87.6320359,1740,34,37.50786335842115,51.327900307974915,16.95
17031420800,41.7769101,-87.6032575,2292,42,14.84580064412109,20.315840659114336,11.116666666666667
17031421200,41.7706572,-87.6089667,1707,42,7.445417259793889,10.188733791901685,15.433333333333334
17031661100,41.7607874,-87.70268809999999,6029,66,8.090604413715154,11.071644705807998,22.166666666666668
17031222500,41.915707299999994,-87.6995958,1424,22,25.457473512490772,34.83745928301904,11.05
17031222800,41.9154354,-87.7150963,1014,22,27.341025698762355,37.415019564658216,9.05
17031230300,41.9118164,-87.71498709999999,1170,23,31.096945670765194,42.55483475608822,10.95
17031351500,41.8272749,-87.62774759999999,415,35,23.576940868922268,32.26403111590097,9.833333333333334
17031381500,41.810192,-87.6228605,250,38,30.22481361754994,41.361359493179876,7.116666666666666
17031190200,41.9351134,-87.7516483,5694,19,0.9336481230152733,1.2776573627486172,25.05
17031390600,41.806018,-87.5943501,1976,39,25.592142641567218,35.021748203071475,14.016666666666667
17031010300,42.0159406,-87.6665349,6213,1,24.15115087588331,33.04981285215977,8.85
17031010600,42.0062785,-87.66768309999999,6513,1,31.13930226109683,42.61279793104043,7.133333333333334
17031020200,42.0156904,-87.6995194,6255,2,8.056121681852884,11.024456568044458,18.666666666666668
17031150800,41.9497083,-87.75211759999999,5451,15,4.248280848772066,5.813589907863802,23.116666666666667
17031151100,41.94229,-87.76171690000001,5391,15,18.517976957921057,25.341056250492816,12.2
17031160100,41.964628000000005,-87.7427941,2626,16,0.0,0.0,0.0
17031160200,41.9587909,-87.73840190000001,3822,16,0.0,0.0,0.0
17031160400,41.9573655,-87.7228233,5090,16,5.581770106854046,7.638412693596283,18.7
17031310600,41.8563349,-87.6595659,5141,31,32.85004491543237,44.953875789174965,3.216666666666667
17031310900,41.855771600000004,-87.67467409999999,5065,31,44.79591340311761,61.30128382382707,0.0
17031320400,41.8777215,-87.617367,2523,32,0.4427711710037352,0.6059133336216165,27.233333333333334
17031320600,41.8711374,-87.61688170000001,4451,32,0.0,0.0,0.0
17031740300,41.6950695,-87.7107235,4436,74,0.0,0.0,0.0
17031660700,41.7738453,-87.6810954,2677,66,28.185763774183073,38.57100734533277,16.35
17031221200,41.921083200000005,-87.7046502,3065,22,16.295109212557602,22.299157197444995,12.9
17031160700,41.950419000000004,-87.7019832,6008,16,3.747247960009127,5.127947915418319,21.9
17031222200,41.915909899999996,-87.68382700000001,1964,22,31.207025071396945,42.70547368871939,15.966666666666667
17031330100,41.8593899,-87.6152944,17582,33,1.7664138865270358,2.4172615487020566,24.716666666666665
17031340300,41.8428079,-87.6357897,1734,34,24.417298955909505,33.414025070493885,16.366666666666667
17031340500,41.834518,-87.63291650000001,1688,34,17.8236826178887,24.39094426120055,11.683333333333334
17031350400,41.8419282,-87.6283676,1379,35,46.06010543225556,63.03127632757657,6.183333333333334
17031750500,41.684616,-87.6712331,6369,75,0.0,0.0,0.0
17031750400,41.6856567,-87.6850709,3187,75,0.0,0.0,0.0
17031750200,41.6956651,-87.6714255,2875,75,0.0,0.0,0.0
17031430200,41.769731400000005,-87.5813483,4927,43,18.411860643683912,25.19584063140608,12.066666666666666
17031660800,41.773641299999994,-87.69326579999999,6517,66,35.654426429911894,48.7915514633457,6.416666666666667
17031660900,41.768104,-87.69799859999999,4357,66,26.759732134984738,36.619544285084714,11.533333333333333
17031670200,41.7904248,-87.66206269999999,985,67,17.09796181966304,23.39782651341534,15.2
17031670300,41.7903576,-87.6669167,1381,67,18.61266708616553,25.470635624722632,10.466666666666667
17031222600,41.9156384,-87.70447890000001,1554,22,28.00026711499818,38.31716313301064,10.066666666666666
17031222700,41.9154902,-87.7101899,2660,22,27.873807196672676,38.1441081653432,11.083333333333334
17031222900,41.9155641,-87.720074,878,22,27.03036310316713,36.989891143352175,4.166666666666667
17031230100,41.9120282,-87.7043673,1646,23,35.90489241351313,49.13430340615763,5.35
17031230200,41.9118826,-87.710096,1972,23,33.26504885088918,45.521790853357416,6.216666666666667
17031230400,41.9118329,-87.7215416,2666,23,24.21435715714572,33.136307933803664,5.9
17031170400,41.948908,-87.8127105,3720,17,2.445303826507994,3.3462932780342522,23.183333333333334
17031380700,41.813806299999996,-87.62376850000001,1216,38,18.12156134287844,24.79857850456001,11.083333333333334
17031381900,41.8039557,-87.6138886,1293,38,50.59814475283807,69.24138826103153,5.5
17031390200,41.813041,-87.5994765,1637,39,32.59210847977161,44.600900853522774,2.816666666666667
17031171000,41.9418071,-87.7965238,7949,17,2.8822919025801417,3.9442926945851053,22.716666666666665
17031180100,41.9344789,-87.79867309999999,5918,18,1.6246506258069593,2.2232646141382038,24.25
17031390300,41.8132011,-87.6042099,2909,39,39.150920736454204,53.57635377209443,7.7
17031390500,41.805978100000004,-87.5991986,1643,39,43.83926180096002,59.992147187709264,7.3
17031390700,41.8063786,-87.5825422,6142,39,1.182412553343634,1.6180808029763187,24.166666666666668
17031400300,41.7931041,-87.61318370000001,1329,40,44.723181034894864,61.201752701256154,10.833333333333334
17031400400,41.791126399999996,-87.61832159999999,1661,40,32.90067188853758,45.02315662779824,8.8
17031400500,41.7910414,-87.6231791,2422,40,18.828024291234236,25.765342711787053,11.0
17031400800,41.782863,-87.6205573,2839,40,14.69700096216263,20.11221468425039,19.7
17031410100,41.8014966,-87.5793225,1956,41,0.07045692847372387,0.09641728098845369,29.683333333333334
17031440300,41.7437381,-87.6195319,4455,44,0.0,0.0,0.0
17031440700,41.7347513,-87.6096292,1501,44,0.0,0.0,0.0
17031671800,41.761401,-87.6564479,1139,67,1.0374286345405688,1.4196765361304313,25.716666666666665
17031680500,41.7905638,-87.65235200000001,1285,68,3.7284136685842,5.102173996403202,24.35
17031681100,41.7687666,-87.6493597,3583,68,11.624238004779645,15.907270530555174,7.616666666666666
17031200100,41.9350479,-87.73760379999999,4603,20,9.151999610596366,12.52411845330689,17.466666666666665
17031410200,41.801668,-87.5942689,1248,41,21.096106225570573,28.869115440813943,15.916666666666666
17031170600,41.941294299999996,-87.83070190000001,2774,17,0.0,0.0,0.0
17031380500,41.8200985,-87.6277934,820,38,15.268025643122352,20.893637438663653,12.983333333333333
17031381700,41.8055511,-87.627448,1532,38,20.769427537121796,28.422069684215966,8.133333333333333
17031430300,41.7696915,-87.5893542,2262,43,16.025949188283438,21.93082326274928,19.833333333333332
17031430700,41.765142700000006,-87.55923100000001,2480,43,6.37388244192509,8.722384408506445,18.666666666666668
17031430800,41.7607499,-87.571298,1692,43,23.605252905525123,32.30277492218981,10.85
17031430900,41.7606411,-87.5811855,1345,43,17.69349763080788,24.212791696906876,9.683333333333334
17031431200,41.75530139999999,-87.5711849,3291,43,24.966223131154354,34.16520423189709,9.833333333333334
17031431400,41.7596848,-87.54722559999999,5850,43,0.415649461202646,0.5687984384448539,26.883333333333333
17031230800,41.905865999999996,-87.71495809999999,1195,23,28.990840727703688,39.672720583852296,11.216666666666667
17031231100,41.8992549,-87.7150697,1227,23,56.23995754582168,76.9619667921865,13.0
17031170900,41.936196200000005,-87.8116065,1729,17,0.0,0.0,0.0
17031210100,41.942868299999994,-87.70133129999999,3447,21,0.0,0.0,0.0
17031420200,41.783457899999995,-87.59351529999999,1707,42,12.812319996381504,17.533109716325512,9.683333333333334
17031420300,41.7832244,-87.5986976,2275,42,14.711396459243556,20.13191430382063,9.95
17031440600,41.732691100000004,-87.61916070000001,2056,44,0.0,0.0,0.0
17031440800,41.7317123,-87.60332790000001,1777,44,0.0,0.0,0.0
17031440900,41.7286691,-87.60900579999999,2480,44,0.0,0.0,0.0
17031450300,41.741943799999994,-87.57908929999999,3716,45,5.862518387236777,8.022604659142752,21.383333333333333
17031671900,41.76132570000001,-87.6612804,1313,67,0.5146415769084398,0.7042648977754871,28.033333333333335
17031672000,41.7611984,-87.6711282,4148,67,0.0,0.0,0.0
17031680600,41.78328079999999,-87.65216459999999,1594,68,13.446317985502272,18.400708738698007,15.3
17031680900,41.7764282,-87.6376322,3389,68,29.35795681505097,40.17510318434197,8.6
17031681000,41.776039600000004,-87.6495529,2873,68,25.207242751219475,34.49502923186449,13.25
17031240200,41.9124419,-87.6701822,1469,24,14.246180327568197,19.49528600537256,18.066666666666666
17031240300,41.912366399999996,-87.6750718,1402,24,23.743048902020735,32.491342826028486,17.483333333333334
17031200200,41.9278524,-87.7356285,4968,20,9.63781357863226,13.188934006282649,14.633333333333333
17031410500,41.7978267,-87.6037453,2630,41,48.40635098405332,66.24201261052367,6.766666666666667
17031410600,41.7979713,-87.5989457,2365,41,36.944660608517225,50.55718153031478,11.5
17031170100,41.9558597,-87.7948171,1871,17,9.991453811554221,13.672875478684118,6.116666666666666
17031170200,41.9493531,-87.7815193,4366,17,13.924687093251414,19.055336320075558,18.683333333333334
17031170300,41.949124700000006,-87.79682779999999,4918,17,9.767062304957365,13.365805337937916,13.05
17031170500,41.9500781,-87.8288962,4888,17,0.0,0.0,0.0
17031351400,41.8273997,-87.6240873,1551,35,28.091509643652632,38.442024615251576,6.166666666666667
17031381200,41.8085116,-87.6139995,1946,38,48.64589572476521,66.56981930143185,6.766666666666667
17031381400,41.8076205,-87.6214304,1746,38,43.316973174673244,59.27741763124633,8.683333333333334
17031381800,41.8038481,-87.62119770000001,1102,38,44.9220058410694,61.473835910383755,11.133333333333333
17031390100,41.813843299999995,-87.5906302,1386,39,12.031689986008658,16.464851069680023,12.8
17031430400,41.7621777,-87.5903215,3119,43,20.860002871089474,28.546018139179363,12.8
17031430500,41.76428370000001,-87.58127270000001,3661,43,19.739600893560706,27.01279614628909,9.5
17031430600,41.764385499999996,-87.57137490000001,1742,43,14.896284381239758,20.38492548544101,6.033333333333333
17031230700,41.906339700000004,-87.7215392,5177,23,33.31984386315168,45.59677547457958,12.583333333333334
17031230900,41.906717799999996,-87.7103555,5155,23,34.525568335046934,47.246757637011406,7.916666666666667
17031231200,41.899060999999996,-87.7213146,5102,23,44.77292042330161,61.26981891833508,10.433333333333334
17031170700,41.941486299999994,-87.82216340000001,2831,17,0.0,0.0,0.0
17031170800,41.9415761,-87.8123711,3750,17,0.0,0.0,0.0
17031171100,41.9420528,-87.7812864,4257,17,14.411985675918023,19.722183504419732,17.766666666666666
17031190100,41.9352175,-87.7443886,2720,19,1.8907987728718934,2.5874769242119555,23.866666666666667
17031390400,41.805925,-87.60405949999999,2524,39,50.416175037430065,68.99237051981073,3.966666666666667
17031242200,41.8995887,-87.6747175,3875,24,36.65537614492906,50.1613081646205,12.216666666666667
17031200300,41.9234797,-87.7341247,2401,20,13.00593223846945,17.79805975534346,10.85
17031210400,41.9357582,-87.73029820000001,3128,21,15.516115512485511,21.23313777117811,9.483333333333333
17031210700,41.935703000000004,-87.7038402,3978,21,3.5638138285155168,4.876926183670698,17.866666666666667
17031210800,41.935744899999996,-87.698932,1028,21,3.4208089754744377,4.681230183333182,17.133333333333333
17031210900,41.9354394,-87.6933374,3223,21,2.039994667519861,2.791645099126954,20.75
17031220300,41.928465100000004,-87.6950871,2409,22,4.467914194823184,6.114148710232578,8.95
17031420100,41.7834164,-87.57740159999999,1224,42,5.592087875859437,7.652532117404798,21.216666666666665
17031420400,41.7831695,-87.6035575,1216,42,18.547778218870175,25.381837996347844,8.216666666666667
17031420500,41.783100299999994,-87.6084262,2099,42,15.267067685625214,20.892326514966335,13.533333333333333
17031470100,41.728220799999995,-87.5964896,2618,47,0.0,0.0,0.0
17031480100,41.735247799999996,-87.5756026,2045,48,4.851673281602893,6.639306540746162,21.383333333333333
17031691000,41.7619654,-87.62001509999999,2703,69,1.7534308675299521,2.3994948447335873,23.116666666666667
17031691300,41.7546812,-87.61984749999999,2842,69,0.0,0.0,0.0
17031242300,41.8995064,-87.6796,3003,24,54.8151788588224,75.0122183432174,9.55
17031411100,41.7904493,-87.58970179999999,2246,41,10.086492383854686,13.802931683641347,18.866666666666667
17031460400,41.7444907,-87.56369240000001,3154,46,17.20517547459784,23.54454379612378,13.633333333333333
17031681200,41.76918920000001,-87.6384973,2375,68,24.341480953004027,33.31027138936589,9.083333333333334
17031690500,41.7681653,-87.61210770000001,952,69,6.7422105603190765,9.226425621435357,14.033333333333333
17031241400,41.9060239,-87.67531140000001,5238,24,42.544868187516975,58.220825112783146,12.533333333333333
17031241500,41.9083761,-87.6709377,2881,24,26.286453371036178,35.97188262060392,18.966666666666665
17031241600,41.90671,-87.6653283,3438,24,8.754191254938256,11.97973480165016,21.533333333333335
17031242000,41.899737200000004,-87.66495379999999,4786,24,11.727187310621531,16.04815223465366,11.9
17031243300,41.892477899999996,-87.6647382,2353,24,16.31765220766995,22.3300063181937,10.266666666666667
17031491200,41.6887765,-87.63743829999999,2746,49,16.62296426428573,22.74781275667426,15.85
17031710800,41.7478364,-87.64881190000001,4917,71,11.312520632530397,15.480698692693313,6.383333333333334
17031711300,41.73350429999999,-87.66728520000001,1580,71,6.691547476397225,9.157095366710209,17.433333333333334
17031010202,42.0160507,-87.6733224,2502,1,28.993021486828066,39.675704859065796,6.6
17031480200,41.7351234,-87.5898834,1157,48,0.0,0.0,0.0
17031480300,41.729194899999996,-87.58797390000001,1192,48,0.6811575937831016,0.9321349161807019,26.283333333333335
17031480400,41.728449600000005,-87.5756383,6106,48,10.431269761996672,14.274744719873485,12.366666666666667
17031480500,41.7275503,-87.55905,2900,48,17.8516127739977,24.429165480432623,9.966666666666667
17031691100,41.7617133,-87.6298715,3209,69,1.6714453456617906,2.2873011787565707,25.1
17031691200,41.754439,-87.6321808,2975,69,0.09633272062777531,0.1318271913686151,29.733333333333334
17031691400,41.7548453,-87.6101681,2716,69,2.3321043109916366,3.1913846021704178,22.816666666666666
17031691500,41.7550432,-87.60029899999999,2124,69,13.079141452119885,17.89824342040502,17.483333333333334
17031700100,41.7535931,-87.69530909999999,3486,70,0.0,0.0,0.0
17031410700,41.798039700000004,-87.59419759999999,1959,41,18.451077742341763,25.249507546821732,16.233333333333334
17031410800,41.7979597,-87.58962609999999,3201,41,7.655369734974703,10.47604473820953,20.7
17031410900,41.7978743,-87.57665909999999,2923,41,0.0,0.0,0.0
17031411000,41.7907158,-87.57687340000001,3313,41,0.2403302083932346,0.32888156969978993,28.55
17031411200,41.79055579999999,-87.59401740000001,1691,41,16.987701145942037,23.24693951634593,16.3
17031530600,41.6703911,-87.6189952,2872,53,1.1985737750518641,1.640196740873615,24.45
17031460100,41.74615670000001,-87.5357425,3614,46,0.5614022311263263,0.7682548450325731,26.216666666666665
17031460200,41.7413869,-87.54701120000001,2626,46,9.545578251441,13.062713921877775,5.866666666666666
17031460500,41.7468819,-87.5726043,4798,46,11.471121308168977,15.697736906524993,10.416666666666666
17031460600,41.7356329,-87.5595147,1107,46,15.174049738368717,20.765035448610192,14.416666666666666
17031460700,41.7355798,-87.5492809,2901,46,13.857920063797863,18.963968507441088,10.9
17031461000,41.727405499999996,-87.54652829999999,2034,46,10.082215591452956,13.797079076897631,9.033333333333333
17031681300,41.7611735,-87.63986240000001,2409,68,7.646093844864625,10.463351080927906,17.1
17031681400,41.7615307,-87.6491923,2898,68,7.902667913880091,10.814461676330044,17.016666666666666
17031690300,41.76866879999999,-87.6290135,2284,69,15.666916454979287,21.43950238514462,16.516666666666666
17031690400,41.7692585,-87.6202083,3581,69,4.7419073335061706,6.489096554448609,22.25
17031690900,41.762142600000004,-87.61034529999999,4442,69,7.0201183803633285,9.606730538986342,13.583333333333334
17031241200,41.9067071,-87.6846858,1952,24,55.30741445977309,75.68582162507325,3.55
17031241300,41.906770200000004,-87.68102209999999,1878,24,45.432765427759556,62.1727884712496,9.133333333333333
17031242100,41.899669700000004,-87.669837,3311,24,22.33552985861316,30.565213458134753,7.516666666666667
17031243100,41.892355,-87.6745074,2594,24,19.25280416827822,26.346635732223856,8.733333333333333
17031243200,41.8924333,-87.6696249,2190,24,20.902707065744305,28.604456995720724,3.95
17031243400,41.8925575,-87.6598474,2955,24,16.024603663606413,21.928981970009563,14.133333333333333
17031243500,41.8926534,-87.6525168,3198,24,2.7213144806846854,3.724002005565367,23.0
17031250200,41.91235089999999,-87.751073,2968,25,1.7277848790172865,2.364399410768218,23.7
17031491000,41.6997589,-87.6280508,5536,49,17.794269661610652,24.350693893612934,11.266666666666667
17031491100,41.699757,-87.6376954,4577,49,8.441731693624877,11.552147309925816,20.25
17031510100,41.7131178,-87.549863,3646,51,1.5028503830262467,2.056586212353637,23.883333333333333
17031510200,41.7142535,-87.5600417,2655,51,1.7161715773121113,2.3485071060940346,24.3
17031520200,41.7138018,-87.5397944,3987,52,5.223542541644717,7.148193653953097,19.516666666666666
17031710900,41.742147100000004,-87.6396905,2491,71,4.331973402311868,5.9281195733784955,20.366666666666667
17031711000,41.7396437,-87.64858120000001,3445,71,10.633538436394689,14.55154071477509,14.8
17031711100,41.7395016,-87.6583,3136,71,13.268709309508415,18.157658892639596,11.283333333333333
17031711200,41.7405562,-87.66982540000001,4928,71,8.244360340332534,11.282053088651947,9.833333333333334
17031711400,41.7336571,-87.6521236,2249,71,4.913788542795615,6.724308608276304,20.383333333333333
17031081402,41.8929749,-87.60892079999999,4389,8,27.18516899421524,37.20173635743102,14.466666666666667
17031061902,41.9449281,-87.6357069,4045,6,2.807953867683382,3.8425642861228573,23.833333333333332
17031030200,41.9944415,-87.66523000000001,5274,77,37.53092745782935,51.35946253757475,7.45
17031030300,41.994387700000004,-87.67253509999999,3049,77,29.902424634304463,40.92018401394005,10.666666666666666
17031030400,41.986951899999994,-87.67207940000002,2683,77,18.090493245378326,24.756063147286632,10.733333333333333
17031030500,41.9872259,-87.66493559999999,6269,77,29.42333707869644,40.26457326751989,4.2
17031030800,41.979912299999995,-87.664188,4405,77,33.84735385564772,46.31865024647906,14.466666666666667
17031242400,41.8994219,-87.6844898,2926,24,66.08024949033609,90.42798374716202,6.8
17031242500,41.8994455,-87.689319,3928,24,67.92902326117712,92.95795126077199,7.183333333333334
17031242600,41.900560399999996,-87.6941976,5999,24,67.38856408432135,92.21835608615228,6.4
17031242700,41.897425299999995,-87.699374,1689,24,49.899707332243544,68.28560664390601,4.683333333333334
17031242800,41.8926319,-87.6903235,1515,24,33.55888668114963,45.923895305807754,7.816666666666666
17031242900,41.8921959,-87.68429029999999,1818,24,45.393598630456324,62.11919039107767,12.583333333333334
17031243000,41.8922752,-87.6793978,2398,24,30.135107338068714,41.238600301961434,13.483333333333333
17031220400,41.9284324,-87.69997009999999,2565,22,5.371539109826085,7.350720602101163,5.45
17031220500,41.928396,-87.7049098,2682,22,8.187088815255521,11.20367946599187,8.433333333333334
17031221000,41.9209601,-87.71525190000001,3254,22,22.66188746799802,31.01181983182184,8.283333333333333
17031810400,41.9875747,-87.8294384,7282,10,0.35161805185215167,0.48117420444584075,27.733333333333334
17031520500,41.6931169,-87.5308704,4613,52,8.264300913012551,11.309340906057681,18.633333333333333
17031720500,41.7028351,-87.6891007,2189,72,0.31553766569705544,0.43179974539054433,27.966666666666665
17031490300,41.7253816,-87.61914770000001,2290,49,0.0,0.0,0.0
17031490400,41.72365429999999,-87.61082459999999,972,49,0.0,0.0,0.0
17031710100,41.7533917,-87.641971,1406,71,2.597624460806928,3.554737524976083,22.95
17031710300,41.754048100000006,-87.66110479999999,1365,71,10.804343056244495,14.785279502186558,16.883333333333333
17031710600,41.7476611,-87.6609455,1803,71,14.5693913163975,19.93758636395451,11.05
17031031800,41.9670111,-87.6706203,1717,3,44.419874125299934,60.786690220366715,6.916666666666667
17031350100,41.8417493,-87.60842009999999,1989,35,6.301030914496117,8.622690221678857,19.1
17031351100,41.8277472,-87.61420030000001,1656,35,29.195997812882304,39.95346924487029,7.266666666666667
17031251200,41.8985493,-87.7606044,4375,25,12.823919451410845,17.54898307241843,17.15
17031570100,41.8162007,-87.7189133,1296,57,0.0,0.0,0.0
17031030900,41.9797956,-87.6714465,3207,77,29.337077569559582,40.14653083350325,11.883333333333333
17031250600,41.905693400000004,-87.7706302,4450,25,2.066062168827393,2.827317355251099,25.016666666666666
17031560100,41.815366100000006,-87.7412503,1263,56,7.712118704060263,10.553703265435397,13.983333333333333
17031490500,41.7179274,-87.6132066,2340,49,0.0,0.0,0.0
17031490600,41.7179514,-87.6283323,1452,49,6.865191480796098,9.394719729945548,17.083333333333332
17031490700,41.710731700000004,-87.62836440000001,2888,49,3.1086020747231355,4.253988446738053,23.016666666666666
17031490800,41.7106826,-87.6153369,3769,49,0.0,0.0,0.0
17031700200,41.7529903,-87.7238224,6868,70,0.0,0.0,0.0
17031710200,41.755112100000005,-87.6514277,5845,71,6.767526127406773,9.261068887869925,16.033333333333335
17031710400,41.753918799999994,-87.67093270000001,5092,71,4.0479976961327,5.5395110142247646,20.783333333333335
17031710500,41.7475315,-87.67078719999999,4136,71,8.759664307057637,11.98722443844657,14.616666666666667
17031710700,41.74711,-87.65688370000001,2695,71,14.87258821535329,20.352498300008467,7.4
17031031900,41.9633747,-87.6701855,2355,3,43.67994092053841,59.77412340455972,10.733333333333333
17031032100,41.9581539,-87.653018,6767,3,60.292672419961,82.50793306194382,2.65
17031251000,41.8986946,-87.7448925,1284,25,0.2028090134217594,0.27753542565184924,28.15
17031280400,41.8860096,-87.6718843,1366,28,46.92738888111198,64.2181164836332,8.116666666666667
17031320100,41.8850463,-87.6209319,10534,32,27.153296868877966,37.15812072258981,14.866666666666667
17031351000,41.8347834,-87.6059742,4022,35,8.912826603159303,12.196820463422005,17.933333333333334
17031360200,41.8268753,-87.6099042,1616,36,24.851604504890688,34.00835356391636,1.9166666666666667
17031380100,41.820196700000004,-87.6101003,1822,38,30.856166353146357,42.22533859969927,10.283333333333333
17031231500,41.891732,-87.7186562,6965,23,43.196051105337844,59.11194097211033,3.933333333333333
17031251100,41.898624700000006,-87.7520109,4346,25,1.0823210245087305,1.4811098439905337,25.083333333333332
17031550200,41.65342929999999,-87.56401,2579,55,0.0,0.0,0.0
17031560800,41.79620560000001,-87.77216609999999,5937,56,7.927031061451181,10.847801597555835,11.066666666666666
17031560900,41.7957701,-87.7916514,5377,56,6.42760239578053,8.795897858464716,17.9
17031561000,41.788502,-87.7915031,4892,56,6.417471108468654,8.782033626845704,17.916666666666668
17031561100,41.788869500000004,-87.7719094,5816,56,7.872121213262379,10.772659828299918,12.25
17031570200,41.8143802,-87.73071429999999,1878,57,6.834558480003556,9.35279978383215,19.666666666666668
17031730400,41.7178213,-87.6526427,3801,73,7.785560827268605,10.654205657225129,13.35
17031730500,41.7142498,-87.63813909999999,4323,73,7.975267936378569,10.913811689460612,8.8
17031730600,41.710600299999996,-87.6504856,3218,73,7.438597768873675,10.179401611426378,15.45
17031730700,41.703081899999994,-87.6500796,2259,73,0.9808309504397581,1.3422250359095733,24.933333333333334
17031250300,41.9128389,-87.76083809999999,4775,25,1.8291291377404857,2.5030846768102277,23.366666666666667
17031250400,41.912908,-87.775396,5963,25,0.40391564091207854,0.552741209261984,29.183333333333334
17031250500,41.914618700000005,-87.7967956,7663,25,9.908788826813977,13.559751996944794,11.066666666666666
17031250700,41.9058215,-87.76081040000001,5813,25,0.42520909118451033,0.5818803815563934,26.833333333333332
17031250800,41.9061818,-87.7514677,2438,25,0.0,0.0,0.0
17031500300,41.689315,-87.6053696,1565,50,16.59257993802926,22.706233110984662,8.3
17031520300,41.701123100000004,-87.5395566,6116,52,8.104649651560203,11.090865010655106,8.483333333333333
17031520600,41.6895296,-87.54040400000001,3010,52,8.484974006722393,11.611322558447597,15.166666666666666
17031560200,41.811339600000004,-87.7477803,1510,56,7.977704030247661,10.917145379307424,8.583333333333334
17031560300,41.8039074,-87.74794990000001,3174,56,9.367882470305787,12.819544876173971,8.883333333333333
17031560400,41.8040083,-87.74057629999999,1417,56,14.044270099756815,19.21898052923201,9.133333333333333
17031560700,41.7964626,-87.75752,3486,56,2.8823079914738132,3.94431471154519,22.916666666666668
17031711500,41.7324407,-87.6386881,2523,71,0.5408776201561079,0.7401677963070208,26.3
17031720600,41.7027765,-87.677207,1709,72,0.0,0.0,0.0
17031031000,41.9724372,-87.6711096,3522,3,34.24945010058011,46.868901690473066,2.95
17031031700,41.9654462,-87.6631946,6525,3,65.55251564188194,89.7058026379969,8.933333333333334
17031580300,41.8251877,-87.7089342,2334,58,6.649854010590664,9.10003964919404,14.7
17031050500,41.950447499999996,-87.6835074,5365,5,13.5561889363229,18.5510624167141,12.883333333333333
17031050800,41.945009000000006,-87.6809269,1427,5,6.1364448757203665,8.397461295423064,19.283333333333335
17031051000,41.9413027,-87.6857323,1610,5,0.33831817473627,0.46297389374861675,27.333333333333332
17031051400,41.935749,-87.6809906,2174,5,0.0,0.0,0.0
17031081900,41.897982899999995,-87.6414908,1152,8,17.89793326177558,24.492553078818606,14.766666666666667
17031252000,41.8836936,-87.7698735,6368,25,43.895871028112516,60.069614484100676,7.233333333333333
17031260300,41.8842762,-87.7331362,1483,26,14.827153399982231,20.290322706277845,16.483333333333334
17031040300,41.9768015,-87.7019751,2656,4,39.30363484171982,53.785336467157364,5.65
17031040800,41.9631635,-87.692305,1815,4,34.23122672070333,46.84396377767725,4.333333333333333
17031050100,41.9578451,-87.676373,2406,5,23.02581648484719,31.509841063197037,6.033333333333333
17031050200,41.9577404,-87.6837165,5120,5,24.325007183903892,33.28772774378447,3.25
17031050300,41.9576779,-87.6915181,2566,5,23.732439949806135,32.47682493050243,7.316666666666666
17031380200,41.8205736,-87.61498509999998,1752,38,25.053525045625186,34.28467315284932,9.933333333333334
17031081500,41.89255870000001,-87.6262292,4400,8,37.46789539753263,51.27320586984083,8.916666666666666
17031720100,41.7275945,-87.6747275,3685,72,0.33310650865358893,0.45584195251874526,27.85
17031720200,41.713024600000004,-87.66605009999999,4344,72,0.7423436249372557,1.0158653723069362,25.583333333333332
17031720300,41.7139027,-87.677145,3672,72,1.702297302275253,2.329520756508291,24.133333333333333
17031720700,41.7031071,-87.6651388,3429,72,0.0,0.0,0.0
17031730100,41.725176899999994,-87.63842509999999,2548,73,7.1548261135960285,9.791072287168832,16.383333333333333
17031730300,41.7274624,-87.66456409999999,983,73,1.2483123255321393,1.7082618112861516,24.35
17031031100,41.9726684,-87.66386609999999,4136,3,49.65013534926676,67.94407810255763,7.8
17031031200,41.9727096,-87.6573417,4860,3,61.166489044519196,83.70371358839452,6.033333333333333
17031031300,41.9729098,-87.64678570000001,7543,3,45.39739247820308,62.12438210880011,9.966666666666667
17031031400,41.9625704,-87.64052099999999,5260,3,39.2634653469292,53.73036623853271,13.75
17031570500,41.798601500000004,-87.7324552,2554,57,12.95701635935141,17.731120475362214,4.9
17031580100,41.8280546,-87.6907458,2996,58,11.590222293723134,15.860721490709064,17.1
17031580200,41.8267716,-87.6993472,3382,58,7.437408541481804,10.177774204809527,12.633333333333333
17031580400,41.815275299999996,-87.70918409999999,4051,58,11.45052275170984,15.669548666573293,15.716666666666667
17031580600,41.817398,-87.6920315,5824,58,7.8938137986935555,10.802345199919031,16.833333333333332
17031530300,41.6813143,-87.6517525,4453,53,0.0,0.0,0.0
17031500100,41.7146842,-87.5950238,3314,50,0.0,0.0,0.0
17031050600,41.950547,-87.6761819,2414,5,15.622907302430434,21.37927774976403,12.066666666666666
17031050700,41.94507120000001,-87.6760598,1753,5,9.331996240168765,12.770436111291778,19.2
17031050900,41.9449467,-87.6857782,1660,5,2.7077435856071403,3.7054308184259153,22.5
17031051100,41.9413655,-87.68082729999999,1526,5,1.370901806113861,1.8760202511092057,24.116666666666667
17031051200,41.9414205,-87.6759504,1562,5,3.293042485167285,4.506387228016907,23.983333333333334
17031051300,41.9359958,-87.67584029999999,2953,5,2.1750726480680234,2.9764935148611453,24.55
17031060100,41.9575315,-87.6666119,2596,6,36.73351878095478,50.26824300634697,7.266666666666667
17031060200,41.9579037,-87.67151740000001,2126,6,28.299852024702282,38.727132216883106,7.65
17031081800,41.8932558,-87.63779609999999,7488,8,23.619817214277088,32.3227055532826,13.3
17031090100,42.015255100000005,-87.8135847,3262,9,0.0,0.0,0.0
17031090200,42.0055985,-87.81322409999999,6406,9,0.0,0.0,0.0
17031090300,41.9992222,-87.8166186,1325,9,2.6114999391575076,3.57372552124498,23.0
17031100100,41.989580600000004,-87.7830337,5666,10,0.0,0.0,0.0
17031100200,41.995616399999996,-87.794246,6605,10,0.0,0.0,0.0
17031260100,41.884359499999995,-87.72333470000001,1047,26,35.05758058886061,47.97479356018373,7.533333333333333
17031260200,41.8843255,-87.72823000000001,1266,26,26.292524209529304,35.98019030238209,11.866666666666667
17031491300,41.688896899999996,-87.6278035,2343,49,25.867962661966,35.39919605646389,6.383333333333334
17031720400,41.7099921,-87.6866692,1974,72,3.416387276387857,4.6751792780139665,22.2
17031530400,41.6740395,-87.6515265,2017,53,0.0,0.0,0.0
17031750600,41.6886313,-87.6520496,3705,75,0.0,0.0,0.0
17031040100,41.9833306,-87.6819933,3998,4,11.637279117652021,15.925116733497259,17.633333333333333
17031040600,41.9668334,-87.68401740000002,2684,4,41.33734591291491,56.56838273454999,12.15
17031040700,41.9668052,-87.69408440000001,3353,4,49.82064765924957,68.17741687646875,4.55
17031040900,41.963184600000005,-87.6838542,2118,4,30.735733558961293,42.06053149259558,7.333333333333333
17031980000,41.9802669,-87.90389549999999,5285,76,0.0,0.0,0.0
17031081600,41.8921057,-87.6288722,3177,8,36.667391055463696,50.17775005373154,7.916666666666667
17031081700,41.8920666,-87.63186759999999,3607,8,32.263630775429014,44.151393220929144,10.566666666666666
17031251300,41.8984251,-87.77038490000001,4735,25,23.758439926326304,32.512404781854784,15.45
17031251400,41.890998100000004,-87.77012950000001,4347,25,41.81772660363778,57.22576308084379,8.15
17031251500,41.891112,-87.76034609999999,4084,25,37.359684799987015,51.12512431398114,7.383333333333334
17031251900,41.8838195,-87.7601038,5999,25,30.437419315164355,41.652301260450926,6.383333333333334
17031260700,41.8770561,-87.72799499999999,2147,26,15.784011833492613,21.599742382219986,12.083333333333334
17031600900,41.8365098,-87.6531583,3658,60,0.24613263629650617,0.3368219431120886,27.733333333333334
17031611200,41.8049943,-87.6624419,2340,61,28.52883574064448,39.04048659891543,5.216666666666667
17031062400,41.9415552,-87.6662875,1622,6,21.07217466554614,28.836366128612113,18.416666666666668
17031062800,41.9361586,-87.6612646,3792,6,29.090447819871308,39.80902861206204,10.15
17031062900,41.9362374,-87.65641190000001,4176,6,33.08214898501131,45.271500241161995,5.4
17031063000,41.936310600000006,-87.65156230000001,3055,6,38.69940751471521,52.958477317451,1.8333333333333333
17031063100,41.9382318,-87.64677950000001,2399,6,39.94246585951973,54.6595492817328,6.716666666666667
17031063200,41.9391656,-87.6346431,6580,6,27.335207122170665,37.4070570924593,12.283333333333333
17031063400,41.9346593,-87.64672970000001,2158,6,40.74888546761974,55.7630998853867,5.666666666666667
17031271500,41.8717861,-87.7131559,1286,27,27.84283833713262,38.101728610956584,5.1
17031611600,41.7975952,-87.67674179999999,1529,61,19.177877908618747,26.244102363433935,10.266666666666667
17031580800,41.8102195,-87.6866438,1661,58,1.7679250689263482,2.419329536920896,24.633333333333333
17031600400,41.8417183,-87.6439319,4748,60,2.093951091508468,2.865482148307743,22.2
17031060300,41.95060529999999,-87.67133000000001,3176,6,16.57414691445704,22.681008309794347,8.8
17031060800,41.9538476,-87.6437623,4840,6,37.08621100883815,50.75088717456324,9.166666666666666
17031061100,41.9491399,-87.65680379999999,1309,6,44.58883202204535,61.017901846513546,12.366666666666667
17031061800,41.9464907,-87.6471157,1130,6,47.03909702924016,64.37098428727,10.233333333333333
17031110200,41.9800697,-87.7734438,3017,11,0.0,0.0,0.0
17031251600,41.8914059,-87.7518025,3689,25,14.178608573638481,19.402816961849695,15.8
17031251700,41.8913846,-87.7444797,1805,25,2.8062322669845123,3.840208349497054,22.933333333333334
17031251800,41.8841437,-87.7478887,5069,25,13.39868215415804,18.3355211491262,17.9
17031570300,41.804145,-87.73079129999999,6337,57,13.51109730216144,18.489356451731602,5.55
17031570400,41.8049921,-87.7191304,1933,57,16.043837849715818,21.95530312772773,13.933333333333334
17031100600,41.9792044,-87.7973997,5254,10,0.4101254491937556,0.5612390652280183,27.4
17031100700,41.9721234,-87.7976294,4749,10,5.099986668799652,6.9791127478173856,20.75
17031110100,41.9874835,-87.76969509999999,5923,11,0.0,0.0,0.0
17031260900,41.871030100000006,-87.7228148,1858,26,22.569908139482664,30.8859500706116,12.0
17031261000,41.87133789999999,-87.7320095,2594,26,2.440041113445133,3.3390914812041124,23.7
17031270500,41.8762324,-87.7177927,1929,27,31.42084349352542,42.99807501740997,9.066666666666666
17031520100,41.7203319,-87.5304964,2278,52,0.26648520692287114,0.36467356201499623,27.85
17031610300,41.8161779,-87.67510209999999,5717,61,5.840461356324207,7.992420559532714,21.9
17031610800,41.8127085,-87.63840959999999,1549,61,14.104254808308943,19.301067026965697,11.116666666666667
17031611000,41.8047713,-87.64993790000001,1188,61,21.890692369563816,29.9564724570015,12.35
17031611400,41.8048899,-87.6721633,3544,61,29.48351449424385,40.34692347650122,9.733333333333333
17031062200,41.9425846,-87.6566438,2987,6,34.673662233148875,47.44941777697614,10.916666666666666
17031062600,41.9359756,-87.6709851,2281,6,11.25658793509659,15.404157198169763,19.766666666666666
17031062700,41.9360864,-87.6661107,2757,6,21.873695680755695,29.933213218255418,14.95
17031120300,41.9911136,-87.7400663,6179,12,0.0,0.0,0.0
17031271800,41.8714966,-87.6984901,1230,27,50.464486450354364,69.05848261376339,13.233333333333333
17031520400,41.702990500000006,-87.5307271,3735,52,7.989640530304803,10.933479967047187,6.983333333333333
17031260500,41.8766639,-87.7377281,1837,26,2.4393218498335596,3.3381071998389698,22.55
17031260600,41.8771076,-87.7328662,2592,26,7.900402485565037,10.811361534965052,17.05
17031580700,41.817487899999996,-87.6868465,6292,58,3.6442322264712192,4.986975307870427,22.483333333333334
17031590500,41.8266631,-87.6799061,1842,59,9.074724217986951,12.418370396953655,8.083333333333334
17031590600,41.8268326,-87.67292490000001,3954,59,7.939201327146815,10.864456083533288,10.683333333333334
17031590700,41.8267821,-87.66385179999999,3234,59,5.76544848055615,7.889768660317747,19.25
17031600600,41.8422589,-87.6554666,2494,60,4.863977379262723,6.656144170019479,21.316666666666666
17031600700,41.8406931,-87.6606303,2200,60,5.908977895491363,8.086182501081154,21.05
17031060400,41.950673200000004,-87.66653640000001,4003,6,23.13774553508314,31.66301116188215,8.866666666666667
17031060500,41.9527204,-87.6605015,1235,6,34.96547957222888,47.848757274011874,11.4
17031060900,41.9506903,-87.64047099999999,6758,6,23.207653525356424,31.75867724451632,15.533333333333333
17031061000,41.949220700000005,-87.65197059999998,1716,6,42.91363451260927,58.72546599276082,8.966666666666667
17031061200,41.949060100000004,-87.66164300000001,2235,6,33.842157013950924,46.311538591784675,15.716666666666667
17031061500,41.9452805,-87.661542,1859,6,30.308679277399094,41.476126047245224,16.483333333333334
17031062000,41.942577,-87.64707879999999,2897,6,42.080598953243175,57.58549260276655,7.3
17031062100,41.942691499999995,-87.6517705,3372,6,42.89379001870109,58.69830965502844,5.466666666666667
17031260400,41.8842143,-87.73804059999999,1567,26,5.099483930196121,6.9784247716275285,21.333333333333332
17031100300,41.9887029,-87.8044057,6029,10,8.217135018692971,11.24479640512363,17.65
17031100400,41.9889676,-87.81804179999999,3027,10,9.669459979748414,13.23224074722052,13.8
17031100500,41.9780599,-87.8197322,5156,10,0.3462301662905809,0.4738011144264917,27.766666666666666
17031260800,41.8770847,-87.723096,2494,26,28.83421070658026,39.4583791260989,7.35
17031271200,41.8773592,-87.703561,1104,27,30.111015108826344,41.20563112083446,5.533333333333333
17031610400,41.810399,-87.6674502,1897,61,26.156098574918367,35.79349767993523,7.4
17031611100,41.805059299999996,-87.6575823,2658,61,29.656837713711695,40.584108859333895,9.983333333333333
17031611300,41.8049365,-87.6673042,2768,61,29.730051271504596,40.684298469167864,5.0
17031062300,41.941627399999994,-87.66144240000001,1716,6,28.84305353930756,39.47048016294895,13.666666666666666
17031062500,41.941488,-87.6711071,1342,6,12.230822150036829,16.73735488483148,20.833333333333332
17031070700,41.9292623,-87.67380209999999,3983,7,3.149190810399272,4.309532388511098,21.733333333333334
17031071100,41.9217778,-87.6510615,2932,7,15.618859716962932,21.37373880286698,13.883333333333333
17031071300,41.9217796,-87.6414582,3414,7,9.444176064271385,12.923949383244462,22.4
17031120400,41.9772359,-87.7521627,3754,12,0.0,0.0,0.0
17031130100,41.9911042,-87.7208088,5158,13,0.40980362643703583,0.5607986646054633,25.866666666666667
17031130200,41.980850700000005,-87.73606600000001,1598,13,0.0,0.0,0.0
17031140100,41.9710836,-87.7057923,4079,14,51.272599287037934,70.16435032802167,6.766666666666667
17031140200,41.9706951,-87.7130047,5895,14,35.8067378471794,48.99998309717583,4.516666666666667
17031140400,41.9715375,-87.73894399999999,7186,14,0.0,0.0,0.0
17031292400,41.8552404,-87.72240009999999,2124,29,23.768795811934837,32.52657636659786,4.266666666666667
17031292500,41.855161100000004,-87.7322429,4276,29,16.17965139719288,22.141158135216717,14.116666666666667
17031300600,41.8479902,-87.71733370000001,3398,30,33.061340881190375,45.24302524464426,5.366666666666666
17031300700,41.8480718,-87.7124498,4694,30,35.756985015328944,48.931898483321476,10.1
17031282700,41.8713668,-87.6886809,2402,28,58.13448373756195,79.5545445290535,15.083333333333334
17031282800,41.870268100000004,-87.68491340000001,1565,28,67.89684688369678,92.91391926993849,10.066666666666666
17031283100,41.869273799999995,-87.6640461,2758,28,67.41465248466855,92.25405694171475,6.8
17031283200,41.869572399999996,-87.6591987,1481,28,50.722070500787545,69.4109753253641,11.816666666666666
17031283800,41.863414,-87.65375429999999,3367,28,14.558590464281362,19.922805861653945,16.35
17031290900,41.8624104,-87.732457,3449,29,8.118050670655013,11.109203729807158,17.95
17031291600,41.8576408,-87.69221440000001,804,29,60.240765016862234,82.4369000098598,6.9
17031630200,41.8027457,-87.6940462,2217,63,5.238027684850555,7.168015950395613,19.5
17031630800,41.7899651,-87.69857209999999,7456,63,14.72516128386026,20.150750875206516,19.2
17031271300,41.8773047,-87.7084543,1169,27,31.675314852743323,43.34630814475069,7.183333333333334
17031280900,41.8786314,-87.6851291,790,28,40.53694806470303,55.47307265071091,6.033333333333333
17031611700,41.797599700000006,-87.6719773,1335,61,23.5471389943379,32.22324853031245,5.45
17031612100,41.7979125,-87.6476801,1068,61,12.312679561265261,16.849373236899474,18.45
17031070300,41.9290468,-87.6513113,3383,7,32.99578035147415,45.15330847508967,11.383333333333333
17031070600,41.9287626,-87.6656762,3083,7,9.7004615114154,13.274665012009793,17.15
17031300500,41.8474253,-87.7219395,3015,30,27.983670543291204,38.29445143733526,5.483333333333333
17031291200,41.862661200000005,-87.7128747,2368,29,45.418125908785846,62.15275491819811,12.166666666666666
17031620300,41.78950220000001,-87.7304431,7050,62,14.475042648054998,19.808474262937246,8.616666666666667
17031620400,41.789638200000006,-87.71816820000001,4907,62,8.510944340424746,11.646861844876717,6.2
17031630100,41.7992713,-87.6816683,1135,63,8.566960124962817,11.723517040534444,18.7
17031630300,41.7988621,-87.70863790000001,5332,63,8.198309453077446,11.219034427003969,15.983333333333333
17031630400,41.7972546,-87.6987812,6835,63,6.239523292065827,8.538519681701306,18.45
17031630500,41.79742720000001,-87.68901600000001,6663,63,7.074328019099401,9.680914101675251,19.166666666666668
17031110300,41.9752907,-87.78323459999999,5314,11,0.0,0.0,0.0
17031110400,41.9729532,-87.7726109,4439,11,0.0,0.0,0.0
17031120100,42.001982299999995,-87.7750075,3993,12,0.0,0.0,0.0
17031120200,41.9945294,-87.7576156,4552,12,0.0,0.0,0.0
17031271400,41.87724229999999,-87.71333,1151,27,33.4635194492633,45.79338934432088,6.55
17031280100,41.8852961,-87.642804,6524,28,0.6478257927082292,0.8865217777753602,27.233333333333334
17031280800,41.8785974,-87.68890209999999,850,28,31.307260981787785,42.8426422276643,7.433333333333334
17031281900,41.8792477,-87.6426231,4820,28,1.0548412069884228,1.4435048937782198,25.133333333333333
17031550100,41.6650328,-87.5353298,6759,55,0.2791312682538951,0.38197915388741627,27.75
17031611500,41.8054484,-87.6786555,2978,61,15.741976230900862,21.542218465205647,14.633333333333333
17031611800,41.797647399999995,-87.6671129,2443,61,26.785705455493982,36.6550876588308,5.816666666666666
17031611900,41.797743200000006,-87.65982290000001,2154,61,28.42038039173316,38.89207011132211,8.333333333333334
17031612000,41.797847,-87.6525365,1586,61,15.868991456024691,21.71603334638008,15.416666666666666
17031620100,41.7980178,-87.71802590000001,4765,62,12.406169059211726,16.97730960012506,17.9
17031620200,41.7955212,-87.7292333,2443,62,14.767046792997565,20.208069395773904,10.133333333333333
17031070200,41.9290777,-87.6462928,3937,7,36.154702676343945,49.47615802325381,13.1
17031070400,41.9289673,-87.65615629999999,3440,7,27.333797107851982,37.40512754841434,14.483333333333333
17031070500,41.9289458,-87.6608928,3022,7,18.125263169243947,24.80364429497389,17.566666666666666
17031071000,41.921701,-87.655911,4277,7,14.743432476943731,20.17575421832245,9.166666666666666
17031071200,41.921854499999995,-87.64621,2016,7,14.983421379484849,20.504168725620296,18.616666666666667
17031130300,41.9865589,-87.7133913,5260,13,4.498371711632397,6.155828514050589,22.316666666666666
17031292200,41.8566511,-87.7157054,2866,29,34.160623997395255,46.74734698271884,8.466666666666667
17031630900,41.78981160000001,-87.7083658,5188,63,9.809356227088358,13.423682754148707,19.183333333333334
