id,x,y,id
261119775,-87.5916638,41.7944904,261119775
261137156,-87.5947384,41.7841736,261137156
261137167,-87.5949934,41.7980095,261137167
261137168,-87.5949209,41.7950922,261137168
261137169,-87.5948751,41.7932879,261137169
261137170,-87.5948357,41.79146,261137170
261137171,-87.5947984,41.789634,261137171
261137172,-87.5947465,41.7878195,261137172
261137187,-87.5947086,41.7860563,261137187
261139500,-87.5915553,41.7896618,261139500
261139501,-87.593169,41.7896475,261139501
261139504,-87.5964177,41.7896129,261139504
261139505,-87.5980298,41.7895941,261139505
261139519,-87.6049492,41.7895302,261139519
261139520,-87.6036972,41.7895401,261139520
261140613,-87.5934413,41.7980022,261140613
261140614,-87.593379,41.7951096,261140614
261140615,-87.5932701,41.793305,261140615
261140616,-87.5932551,41.7922203,261140616
261140622,-87.5930884,41.7841916,261140622
261140629,-87.5932196,41.7914739,261140629
261148583,-87.6027949,41.7979121,261148583
261148584,-87.6027605,41.7964716,261148584
261148585,-87.6027405,41.7953221,261148585
261148587,-87.603119,41.7931851,261148587
261148588,-87.603076,41.7913623,261148588
261148611,-87.6028092,41.7858999,261148611
261148612,-87.6027672,41.7840862,261148612
261157995,-87.6044301,41.7858843,261157995
261157996,-87.6043879,41.7840685,261157996
261158000,-87.6037764,41.7931794,261158000
261158001,-87.6037422,41.791352,261158001
261158030,-87.603873,41.7978952,261158030
261158031,-87.6038467,41.7968289,261158031
261158033,-87.603811,41.7953845,261158033
261160193,-87.5917555,41.7980407,261160193
261160194,-87.5917197,41.7965656,261160194
261160195,-87.5916998,41.7958301,261160195
261160197,-87.5916902,41.7955011,261160197
261160239,-87.5916684,41.7947624,261160239
261160241,-87.5916378,41.7933164,261160241
261160242,-87.5915992,41.7914937,261160242
261160243,-87.5915121,41.7878569,261160243
261160245,-87.5914978,41.78728,261160245
261160246,-87.5914798,41.786565,261160246
261160247,-87.5914665,41.7860855,261160247
261160249,-87.5914335,41.7842096,261160249
261170719,-87.5926172,41.7980278,261170719
261170720,-87.5925452,41.7956859,261170720
261176760,-87.601342,41.7932098,261176760
261176761,-87.6013038,41.7913898,261176761
261176762,-87.6012275,41.7877523,261176762
261176763,-87.6012153,41.7871734,261176763
261176765,-87.6012003,41.7864603,261176765
261176766,-87.6011868,41.7859156,261176766
261176767,-87.6011387,41.7841039,261176767
261176813,-87.6012674,41.7979275,261176813
261176814,-87.6012406,41.7964857,261176814
261176815,-87.6012165,41.7953508,261176815
261181129,-87.599673,41.7964989,261181129
261181130,-87.598101,41.7965121,261181130
261181131,-87.5965775,41.7965331,261181131
261185250,-87.6111568,41.7932114,261185250
261185255,-87.6088346,41.7922246,261185255
261185256,-87.6081353,41.7916206,261185256
261192049,-87.6049733,41.7931637,261192049
261192050,-87.6049655,41.791341,261192050
261192051,-87.6049106,41.7877027,261192051
261192054,-87.6050692,41.7968125,261192054
261192484,-87.5979528,41.7859533,261192484
261192485,-87.5979008,41.7841392,261192485
261192504,-87.59815,41.7979681,261192504
261192510,-87.5981069,41.7932495,261192510
261192511,-87.5980749,41.7914254,261192511
261192512,-87.5979926,41.7877799,261192512
261198118,-87.6073859,41.7949746,261198118
261198119,-87.6071678,41.7949691,261198119
261198121,-87.6062447,41.7949709,261198121
261202616,-87.6079753,41.7941796,261202616
261202623,-87.6075023,41.7872508,261202623
261202624,-87.6072328,41.7868915,261202624
261202625,-87.6072248,41.7865713,261202625
261202777,-87.6077909,41.7912925,261202777
261202782,-87.59646,41.7914457,261202782
261207127,-87.6069046,41.7871129,261207127
261207128,-87.6060639,41.787126,261207128
261207129,-87.5963623,41.7872257,261207129
261207133,-87.606945,41.7864058,261207133
261207134,-87.606055,41.7864145,261207134
261207135,-87.5963454,41.786507,261207135
261217303,-87.5996496,41.7953598,261217303
261217404,-87.6096736,41.78399,261217404
261217405,-87.6084877,41.7840097,261217405
261217406,-87.6072689,41.7840299,261217406
261217407,-87.6060071,41.7840509,261217407
261217408,-87.599535,41.7841214,261217408
261217409,-87.5962901,41.7841567,261217409
261219407,-87.6085354,41.7858263,261219407
261221651,-87.6076443,41.7863042,261221651
261227633,-87.5965438,41.7950739,261227633
261227636,-87.5921939,41.7953776,261227636
261266034,-87.6097209,41.7858067,261266034
261266042,-87.5963328,41.7860071,261266042
261276582,-87.6062869,41.7968001,261276582
261276584,-87.6062058,41.7931484,261276584
261276586,-87.6060765,41.7876896,261276586
261277228,-87.596502,41.7932665,261277228
261286251,-87.5966111,41.7979869,261286251
261286254,-87.5963758,41.7878006,261286254
261313716,-87.5997017,41.7979462,261313716
261348866,-87.599677,41.7967285,261348866
261358990,-87.5922275,41.7949087,261358990
367760093,-87.5994522,41.7894122,367760093
367760105,-87.5993612,41.7896746,367760105
367760170,-87.599968,41.7895513,367760170
367760220,-87.6049691,41.7912508,367760220
367760230,-87.5980931,41.7953808,367760230
376238242,-87.6001224,41.7905878,376238242
376238244,-87.5996769,41.7906015,376238244
386561259,-87.6092965,41.7923105,386561259
386561286,-87.6097712,41.7926046,386561286
386561315,-87.6113599,41.7935579,386561315
386561322,-87.6099024,41.7936221,386561322
386561340,-87.6087982,41.7940613,386561340
386561350,-87.607755,41.7947915,386561350
386561392,-87.6099401,41.8010755,386561392
386571472,-87.6070653,41.795146,386571472
386571474,-87.606894,41.7956446,386571474
386571476,-87.6068185,41.7963934,386571476
386571478,-87.6071155,41.79714,386571478
386571479,-87.6073717,41.7977121,386571479
386571491,-87.6074614,41.7948348,386571491
386571493,-87.6071337,41.7948371,386571493
386571497,-87.6062412,41.7948665,386571497
386571501,-87.6062555,41.7952961,386571501
386571505,-87.6062487,41.7950708,386571505
386571506,-87.6072895,41.7948404,386571506
386571508,-87.6076275,41.7942346,386571508
386571514,-87.6073174,41.7936421,386571514
386571515,-87.6073112,41.7932314,386571515
386571516,-87.6073062,41.7930616,386571516
386571517,-87.6072859,41.7922434,386571517
386571518,-87.6061902,41.7925729,386571518
386571519,-87.607295,41.7925612,386571519
386571520,-87.6079737,41.7925539,386571520
386571521,-87.6067572,41.7931562,386571521
386571522,-87.6071963,41.7931501,386571522
386571523,-87.6074233,41.7931444,386571523
386571524,-87.6079906,41.7931413,386571524
386571525,-87.6080065,41.7922353,386571525
386571526,-87.6067656,41.7922524,386571526
386571527,-87.6072219,41.7930856,386571527
386571534,-87.6082603,41.7913654,386571534
386571535,-87.6081241,41.7911021,386571535
386571545,-87.6081043,41.7896506,386571545
386571636,-87.6085007,41.7904813,386571636
386571642,-87.6080629,41.7903429,386571642
386571648,-87.6067868,41.7914022,386571648
386571650,-87.6067379,41.7925671,386571650
386571652,-87.6067776,41.7937347,386571652
386571653,-87.6062176,41.7937387,386571653
386571654,-87.6071167,41.7937311,386571654
386571656,-87.6071131,41.7936446,386571656
386571657,-87.6079507,41.7912795,386571657
386571668,-87.6075399,41.7892624,386571668
386571673,-87.6060656,41.787258,386571673
386571692,-87.6078344,41.7922364,386571692
386571693,-87.6078436,41.7925553,386571693
386571695,-87.6061653,41.7914095,386571695
386571701,-87.6078514,41.7914292,386571701
386571702,-87.6080187,41.7914074,386571702
386571703,-87.6079161,41.7912036,386571703
386571704,-87.6079197,41.7918381,386571704
386571714,-87.6062859,41.7967206,386571714
386571715,-87.6062879,41.79688,386571715
386571719,-87.6075324,41.79813,386571719
386571720,-87.6077618,41.7980903,386571720
386571721,-87.6078978,41.7980624,386571721
386571722,-87.6075958,41.7976363,386571722
386574480,-87.6071558,41.7914657,386574480
386574482,-87.6071562,41.7915437,386574482
386574484,-87.6067793,41.7915557,386574484
386574491,-87.607434,41.7917318,386574491
386574787,-87.6055179,41.7931549,386574787
386574790,-87.604438,41.7931717,386574790
386574792,-87.604403,41.7913477,386574792
386823019,-87.594181,41.797971,386823019
386824340,-87.5944739,41.7955738,386824340
386824360,-87.594555,41.7970189,386824360
386824365,-87.594181,41.7973933,386824365
386824366,-87.5949737,41.7970327,386824366
386824367,-87.5944859,41.7967091,386824367
386824373,-87.5936837,41.797059,386824373
386824374,-87.5934245,41.797059,386824374
386824378,-87.5938554,41.7979776,386824378
386824384,-87.5937734,41.7980666,386824384
386824402,-87.59353,41.7970526,386824402
386824403,-87.5934789,41.7951085,386824403
386824708,-87.5944709,41.7950973,386824708
386824709,-87.5944684,41.7952667,386824709
386824717,-87.5945609,41.7953366,386824717
762246035,-87.5946772,41.7848448,762246035
1031426133,-87.5993453,41.7895526,1031426133
1032484712,-87.6003045,41.7895768,1032484712
1032484713,-87.6007275,41.7895736,1032484713
1032484714,-87.6007122,41.789192,1032484714
1032484715,-87.6007022,41.788724,1032484715
1032484716,-87.6007001,41.788628,1032484716
1032484717,-87.600853,41.788398,1032484717
1032484718,-87.6008503,41.7881281,1032484718
1032484719,-87.6008611,41.788723,1032484719
1032484721,-87.5996765,41.7910536,1032484721
1032484726,-87.5996744,41.7902444,1032484726
1032484727,-87.598222,41.7900435,1032484727
1032484728,-87.5980423,41.7900466,1032484728
1032484729,-87.5982087,41.7895927,1032484729
1032484730,-87.5996609,41.7895817,1032484730
1032484731,-87.6007342,41.7900148,1032484731
1032484736,-87.5992294,41.7910558,1032484736
1032484738,-87.5996788,41.7907383,1032484738
1032484739,-87.6003338,41.7910464,1032484739
1032484740,-87.6008668,41.7910417,1032484740
1032484744,-87.6003196,41.7905906,1032484744
1032484747,-87.5989763,41.7906085,1032484747
1032484748,-87.5988764,41.7903765,1032484748
1032484765,-87.5999459,41.7910484,1032484765
1032493591,-87.5988436,41.790391,1032493591
1032493594,-87.5985658,41.7903796,1032493594
1032493598,-87.5985862,41.7910315,1032493598
1032493599,-87.5985759,41.7906108,1032493599
1032493600,-87.5990257,41.7910288,1032493600
1032493601,-87.5990171,41.7906077,1032493601
1032493603,-87.5996714,41.7903203,1032493603
1032493604,-87.5996206,41.7903206,1032493604
1032493613,-87.5989528,41.7905537,1032493613
1032493642,-87.600717,41.789236,1032493642
1032493651,-87.6007321,41.7898969,1032493651
1032493687,-87.59843,41.7891536,1032493687
1032493693,-87.5984457,41.788783,1032493693
1032493714,-87.5985325,41.7886994,1032493714
1032493716,-87.5984404,41.7881701,1032493716
1032493722,-87.599614,41.7881276,1032493722
1032493725,-87.600212,41.7881221,1032493725
1032493732,-87.6002308,41.7887728,1032493732
1032493753,-87.6002293,41.7886788,1032493753
1032493771,-87.6007027,41.7887672,1032493771
1032493781,-87.5985579,41.7880301,1032493781
1032493784,-87.5985597,41.7881321,1032493784
1032493793,-87.598726,41.788383,1032493793
1032493851,-87.6002106,41.7881541,1032493851
1032493853,-87.6005607,41.7881281,1032493853
1032493870,-87.600711,41.7891281,1032493870
1032493871,-87.6001305,41.7891331,1032493871
1032493877,-87.5996491,41.7891402,1032493877
1032493879,-87.5989229,41.7891477,1032493879
1032493888,-87.5982043,41.789443,1032493888
1032601783,-87.5998287,41.7900364,1032601783
1032601795,-87.5988738,41.7900371,1032601795
1038011338,-87.601896,41.7906072,1038011338
1038011348,-87.6024043,41.7909032,1038011348
1038011350,-87.6019537,41.7901193,1038011350
1038011351,-87.6019624,41.7905641,1038011351
1038011356,-87.6024462,41.7902469,1038011356
1038011358,-87.6024821,41.7902233,1038011358
1038011363,-87.6024924,41.7910622,1038011363
1038011366,-87.602407,41.7909092,1038011366
1038011376,-87.6021674,41.7904309,1038011376
1038011383,-87.6019516,41.7900061,1038011383
1183597434,-87.6001759,41.7914027,1183597434
1183597444,-87.5988407,41.7919341,1183597444
1183597459,-87.6012723,41.7898899,1183597459
1183597462,-87.5996849,41.7914079,1183597462
1183597463,-87.6003563,41.79165,1183597463
1183597470,-87.5992774,41.7914132,1183597470
1183597482,-87.5985516,41.7877738,1183597482
1183597488,-87.5989877,41.7917791,1183597488
1183597505,-87.6012585,41.7892299,1183597505
1183597508,-87.5980513,41.790371,1183597508
1317425237,-87.6076845,41.7940277,1317425237
1317425271,-87.6078621,41.7931415,1317425271
1317490993,-87.6084564,41.7866715,1317490993
1317491043,-87.609448,41.7863674,1317491043
1317491065,-87.6091446,41.7865151,1317491065
1317491376,-87.6087745,41.7866011,1317491376
1317509538,-87.602465,41.7895513,1317509538
1317509543,-87.6012877,41.7906198,1317509543
1317509544,-87.5996629,41.789827,1317509544
1317509545,-87.5999725,41.7895793,1317509545
1317509546,-87.5996554,41.7893561,1317509546
1317509547,-87.6024985,41.7913698,1317509547
1317509548,-87.5996671,41.7900365,1317509548
1396149181,-87.5963883,41.7883407,1396149181
1396149221,-87.5963833,41.7881236,1396149221
1396156672,-87.5998713,41.7918549,1396156672
1396156674,-87.5996324,41.7886857,1396156674
1396156676,-87.5995194,41.7908854,1396156676
1396156677,-87.5993408,41.7895841,1396156677
1396156679,-87.5993262,41.7909873,1396156679
1396156681,-87.5991605,41.7916264,1396156681
1538660415,-87.5965633,41.7891102,1538660415
1551736300,-87.5927559,41.7917936,1551736300
1551736327,-87.592835,41.7917661,1551736327
1551736348,-87.5927703,41.7914792,1551736348
1551736526,-87.593671,41.7924853,1551736526
1551736574,-87.5931246,41.7918411,1551736574
1551736597,-87.5927763,41.7916519,1551736597
1551736604,-87.593118,41.79211,1551736604
1551736646,-87.593118,41.7915573,1551736646
1551736796,-87.5939219,41.7920195,1551736796
1562381491,-87.5926131,41.795066,1562381491
1562399234,-87.6012399,41.7964071,1562399234
1568436246,-87.5939612,41.7884018,1568436246
1568436252,-87.5942841,41.7884012,1568436252
1568436304,-87.5935565,41.788416,1568436304
1568436319,-87.5939549,41.788134,1568436319
1568436340,-87.5941357,41.788804,1568436340
1568436550,-87.5943545,41.788406,1568436550
1568436583,-87.5936669,41.788808,1568436583
1569129726,-87.5985867,41.7923517,1569129726
1569129739,-87.599175,41.7920428,1569129739
1569129741,-87.5990038,41.7923487,1569129741
1569129742,-87.5988429,41.7920567,1569129742
1569129743,-87.5987735,41.7919792,1569129743
1569129747,-87.5989187,41.792113,1569129747
1569129769,-87.5991399,41.7932389,1569129769
1569129778,-87.5991758,41.7920657,1569129778
1569129780,-87.5988412,41.7919783,1569129780
1569129783,-87.5991845,41.7923157,1569129783
1569129786,-87.5980945,41.7923579,1569129786
1569129792,-87.598841,41.7916412,1569129792
1569129806,-87.5988448,41.7921442,1569129806
1569129821,-87.598822,41.7916288,1569129821
1569129835,-87.5984921,41.7914206,1569129835
1569129869,-87.5991835,41.7923472,1569129869
1569129891,-87.6005662,41.7932168,1569129891
1569129895,-87.59928,41.7915287,1569129895
1569744761,-87.5980226,41.7890242,1569744761
1569744787,-87.596915,41.7896117,1569744787
1569744825,-87.5964059,41.789105,1569744825
1569744905,-87.5967637,41.7886325,1569744905
1569744914,-87.5963951,41.788637,1569744914
1569744945,-87.5968843,41.788359,1569744945
1569744972,-87.5972919,41.788918,1569744972
1569744978,-87.5978337,41.789027,1569744978
1569745043,-87.5968832,41.788307,1569745043
1570583241,-87.6005492,41.7932171,1570583241
1570583243,-87.6013621,41.7941633,1570583243
1570583245,-87.6001142,41.793835,1570583245
1570583249,-87.6013548,41.7938172,1570583249
1570583259,-87.600575,41.794174,1570583259
1570583261,-87.6002008,41.7938339,1570583261
1570583263,-87.6005779,41.7943037,1570583263
1570583264,-87.6005679,41.7938283,1570583264
1575868636,-87.603744,41.7953345,1575868636
1580168672,-87.5949367,41.7956973,1580168672
1580168715,-87.5951213,41.7956948,1580168715
1580168716,-87.5950669,41.7956953,1580168716
1580168748,-87.5965561,41.7956088,1580168748
1581591866,-87.5930936,41.7860656,1581591866
1581591873,-87.5930726,41.7853792,1581591873
1586857890,-87.6040217,41.7953302,1586857890
1586910228,-87.5944785,41.7954015,1586910228
1586910264,-87.5943865,41.795351,1586910264
1587752097,-87.5985482,41.7876611,1587752097
1587752137,-87.5983424,41.7875861,1587752137
1587752154,-87.5996008,41.7874688,1587752154
1587752217,-87.5982753,41.7874791,1587752217
1587752219,-87.5995974,41.7871908,1587752219
1587752231,-87.5982498,41.7864887,1587752231
1587752328,-87.5995206,41.7875302,1587752328
1587752337,-87.5982659,41.7872052,1587752337
1587752376,-87.5980809,41.7877789,1587752376
1587752412,-87.5996084,41.7877653,1587752412
1587752418,-87.5981868,41.7875921,1587752418
1587752453,-87.5995888,41.7864746,1587752453
1587752508,-87.5996057,41.7875921,1587752508
1587772085,-87.5939463,41.7878287,1587772085
1587772101,-87.5938988,41.786418,1587772101
1587772148,-87.5938966,41.7865404,1587772148
1587772151,-87.5939073,41.7860584,1587772151
1587772173,-87.5939261,41.7872529,1587772173
1587772175,-87.5915309,41.7886413,1587772175
1587883237,-87.5995821,41.7859329,1587883237
1587883240,-87.604258,41.7871426,1587883240
1587883242,-87.6027453,41.786439,1587883242
1587883258,-87.6035258,41.7877214,1587883258
1587883269,-87.6027506,41.7871578,1587883269
1587883283,-87.6035137,41.7871501,1587883283
1587971820,-87.5965378,41.7948158,1587971820
1588218427,-87.6049528,41.7897753,1588218427
1588218435,-87.6049641,41.7907932,1588218435
1588218497,-87.6053984,41.7895266,1588218497
1611257757,-87.6024345,41.7913711,1611257757
1611257789,-87.6031044,41.7925669,1611257789
1611257954,-87.6025123,41.7913698,1611257954
1611265415,-87.5992284,41.7910261,1611265415
1619256292,-87.6062671,41.7958067,1619256292
1619256316,-87.6059125,41.7958861,1619256316
1633701480,-87.5968902,41.7882526,1633701480
1633701516,-87.5968891,41.7882029,1633701516
1633701614,-87.5968603,41.7881242,1633701614
1634777942,-87.5931168,41.7914751,1634777942
1634777945,-87.5933715,41.7933039,1634777945
1639981252,-87.599319,41.7886904,1639981252
1639981258,-87.5993063,41.7881302,1639981258
1639981280,-87.5999433,41.7886822,1639981280
1639981337,-87.5999357,41.7883858,1639981337
1639981370,-87.5993095,41.7883938,1639981370
1639981378,-87.6002167,41.7886791,1639981378
1639981411,-87.5999286,41.7881255,1639981411
1649641078,-87.5980074,41.7883953,1649641078
1649641081,-87.5975288,41.7884009,1649641081
1651041942,-87.5922436,41.7844367,1651041942
1651041945,-87.5930529,41.7844257,1651041945
1651041958,-87.591445,41.7848252,1651041958
1651042005,-87.5922367,41.7842009,1651042005
1653904520,-87.5926415,41.7849833,1653904520
1653904539,-87.5924358,41.785387,1653904539
1653904616,-87.5926518,41.7853839,1653904616
1657306988,-87.5933077,41.7947892,1657306988
1657306992,-87.5949163,41.7947775,1657306992
1658287035,-87.5960252,41.7852262,1658287035
1658287255,-87.5979187,41.784673,1658287255
1658287382,-87.6011914,41.7926062,1658287382
1658287411,-87.5982463,41.7846695,1658287411
1658287430,-87.5963152,41.7852235,1658287430
1658287458,-87.5984677,41.7846666,1658287458
1671391996,-87.5916054,41.7917871,1671391996
1671391999,-87.5910508,41.7915012,1671391999
1673177603,-87.5940605,41.7932964,1673177603
1673177646,-87.5940522,41.7930384,1673177646
1673177772,-87.5940295,41.7914678,1673177772
1673250097,-87.5964371,41.790455,1673250097
1674040525,-87.5928392,41.7896504,1674040525
1674040633,-87.5931791,41.7899073,1674040633
1674040662,-87.5931698,41.7896653,1674040662
1674040732,-87.5929088,41.7898594,1674040732
1676148621,-87.5923499,41.7902098,1676148621
1676148648,-87.5915686,41.7902171,1676148648
1676148805,-87.5923361,41.7896562,1676148805
1678146194,-87.5914548,41.785348,1678146194
1678146211,-87.6027763,41.7847776,1678146211
1678146249,-87.6027797,41.7849344,1678146249
1678655002,-87.605297,41.7840586,1678655002
1678655103,-87.6053041,41.7842817,1678655103
1678655447,-87.6060218,41.7847017,1678655447
1680901390,-87.5913714,41.7896362,1680901390
1680901821,-87.5915842,41.7908692,1680901821
1680902043,-87.5909153,41.7896395,1680902043
1683549421,-87.5980039,41.7882425,1683549421
1684142939,-87.5948238,41.7909751,1684142939
1685262396,-87.5956245,41.7904707,1685262396
1685262397,-87.5924774,41.794481,1685262397
1685262407,-87.5939861,41.7896407,1685262407
1685262411,-87.59402,41.7909848,1685262411
1685262418,-87.5924586,41.7933107,1685262418
1685262422,-87.5956692,41.794727,1685262422
1685262428,-87.5956037,41.7896269,1685262428
1685262438,-87.5932073,41.7909936,1685262438
1685262439,-87.5956947,41.7932771,1685262439
1685262440,-87.5924089,41.7914834,1685262440
1685262461,-87.5956491,41.7914529,1685262461
1685296292,-87.5972275,41.7896068,1685296292
1685296295,-87.5932953,41.794442,1685296295
1685296298,-87.5940961,41.7944304,1685296298
1685296299,-87.5959208,41.7956183,1685296299
1685296301,-87.5972488,41.7904157,1685296301
1685296303,-87.5963129,41.795613,1685296303
1685296304,-87.5960782,41.795279,1685296304
1685296309,-87.5973126,41.7932581,1685296309
1685296310,-87.5972717,41.7914355,1685296310
1685296315,-87.5960867,41.7956159,1685296315
1709211543,-87.6054693,41.7963026,1709211543
1709211545,-87.6054003,41.7962532,1709211545
1710177730,-87.6052093,41.7963073,1710177730
1710177835,-87.6052093,41.7962735,1710177835
1711913469,-87.6011869,41.7923562,1711913469
1738803394,-87.5919981,41.7980371,1738803394
1889253054,-87.6006873,41.7964926,1889253054
1889253067,-87.6004888,41.7979368,1889253067
1889253068,-87.6044949,41.7957182,1889253068
1889253072,-87.6045148,41.7968199,1889253072
1889253076,-87.5973319,41.7965226,1889253076
1889253094,-87.5973051,41.7950653,1889253094
1889253095,-87.6038196,41.7957325,1889253095
1889253112,-87.6006942,41.7968979,1889253112
1889253113,-87.5988972,41.79674,1889253113
1889253114,-87.6004636,41.7969019,1889253114
1889253127,-87.598925,41.7979572,1889253127
1889253139,-87.5973667,41.7979777,1889253139
1897878601,-87.6044156,41.7852601,1897878601
1897878610,-87.5986308,41.7846633,1897878610
1897878613,-87.6060339,41.7852401,1897878613
1929835281,-87.6019586,41.784095,1929835281
1929835313,-87.5970796,41.7841481,1929835313
1929835332,-87.6003491,41.7841125,1929835332
1929835339,-87.6035912,41.7840772,1929835339
1929835343,-87.5955292,41.784165,1929835343
1929835347,-87.5939414,41.7841823,1929835347
1929835390,-87.6053302,41.7840583,1929835390
1929835401,-87.5922864,41.7842003,1929835401
1929835452,-87.5987184,41.7841303,1929835452
1954300550,-87.5957513,41.7956766,1954300550
1954300562,-87.5949867,41.7974807,1954300562
1954300601,-87.5957974,41.7974667,1954300601
1954300609,-87.5965988,41.7974566,1954300609
1967797035,-87.59581,41.7980023,1967797035
1977786606,-87.606187,41.786536,1977786606
1977786613,-87.6062011,41.787017,1977786613
1977786623,-87.6074996,41.7868179,1977786623
1977786633,-87.6069982,41.7867632,1977786633
1977786639,-87.6068454,41.7866403,1977786639
1977786643,-87.6061822,41.7864129,1977786643
1977786662,-87.606194,41.7867747,1977786662
1977786682,-87.6037198,41.7848151,1977786682
1977786683,-87.6069127,41.7867645,1977786683
1977786694,-87.6064342,41.7867709,1977786694
1977786698,-87.6040009,41.7848344,1977786698
1977786710,-87.606902,41.7865952,1977786710
1977786714,-87.606905,41.7869346,1977786714
1977786725,-87.6066798,41.7869405,1977786725
1977786728,-87.6062039,41.7871233,1977786728
1977786748,-87.6072295,41.7867598,1977786748
1977786754,-87.6068407,41.7868885,1977786754
1977786776,-87.6044056,41.7848291,1977786776
1977810812,-87.607265,41.7851769,1977810812
1977810846,-87.6067689,41.7858568,1977810846
1977810864,-87.6072596,41.7850396,1977810864
1977810866,-87.6068645,41.7853248,1977810866
1977810867,-87.6083616,41.7851549,1977810867
1977810868,-87.6072705,41.7853167,1977810868
1977810870,-87.6068929,41.7851847,1977810870
2047454722,-87.6007724,41.7913959,2047454722
2047454726,-87.6007724,41.791487,2047454726
2047454729,-87.6013186,41.7920949,2047454729
2047454735,-87.6010031,41.791631,2047454735
2170439566,-87.5985773,41.7906677,2170439566
2170439570,-87.5989562,41.790718,2170439570
2170439583,-87.5985706,41.7904899,2170439583
2170439603,-87.5990252,41.7910057,2170439603
2170439632,-87.5985856,41.7910077,2170439632
2170439633,-87.5986404,41.790718,2170439633
2170439647,-87.5990183,41.7906658,2170439647
2170439694,-87.5989701,41.7909579,2170439694
2170439707,-87.5985736,41.7905599,2170439707
2170439709,-87.5986464,41.7909607,2170439709
2170472360,-87.6089152,41.789087,2170472360
2170472398,-87.6086497,41.7903058,2170472398
2170472504,-87.6067757,41.7936474,2170472504
2170472515,-87.6084028,41.7888073,2170472515
2174728639,-87.6097084,41.7853264,2174728639
2174728642,-87.6090717,41.784,2174728642
2174728685,-87.6091173,41.7850124,2174728685
2174728703,-87.6078673,41.78402,2174728703
2174728717,-87.6096845,41.7844104,2174728717
2174728721,-87.6066592,41.7840401,2174728721
2174728728,-87.6097,41.7850043,2174728728
2269161680,-87.6048495,41.7968154,2269161680
2269161688,-87.6051104,41.7982476,2269161688
2269161689,-87.6057151,41.7982397,2269161689
2269161690,-87.6032933,41.796464,2269161690
2269161692,-87.6038512,41.7970102,2269161692
2269161695,-87.6019983,41.7964787,2269161695
2269161699,-87.6033296,41.7979037,2269161699
2269161708,-87.6045023,41.7970019,2269161708
2269161719,-87.6032644,41.7953171,2269161719
2269161723,-87.6019849,41.7953313,2269161723
2269161732,-87.6046618,41.7968179,2269161732
2269168235,-87.6006886,41.79657,2269168235
2269168251,-87.5998897,41.7966581,2269168251
2269168253,-87.6004681,41.7970879,2269168253
2269168255,-87.5996764,41.79666,2269168255
2269168258,-87.6006461,41.7963701,2269168258
2274379079,-87.5940384,41.7920816,2274379079
2274379097,-87.5940505,41.792919,2274379097
2287552804,-87.5916955,41.7956828,2287552804
2354194799,-87.6013651,41.794308,2354194799
2354194804,-87.5997699,41.7943119,2354194804
2355617932,-87.6012656,41.7895709,2355617932
2372687526,-87.6048969,41.7858798,2372687526
2372687528,-87.5949507,41.7962039,2372687528
2372687529,-87.5922715,41.7853891,2372687529
2372687562,-87.6048432,41.7858803,2372687562
2372687565,-87.5922547,41.7848131,2372687565
2372687569,-87.6048586,41.7855471,2372687569
2372687570,-87.595767,41.7961942,2372687570
2372687572,-87.604862,41.7856694,2372687572
2372687578,-87.6048539,41.7853768,2372687578
2394531841,-87.6013293,41.7926053,2394531841
2394531842,-87.601324,41.7923524,2394531842
2394532753,-87.5996227,41.7883903,2394532753
2394538357,-87.5963965,41.7886988,2394538357
2394538359,-87.5963935,41.7885678,2394538359
2394543883,-87.6073467,41.7867575,2394543883
2394543885,-87.6074635,41.7866953,2394543885
2394543895,-87.6074714,41.7868184,2394543895
2406147350,-87.601107,41.7871746,2406147350
2406147354,-87.6011043,41.7873128,2406147354
2406147371,-87.6006483,41.7877569,2406147371
2406355817,-87.6044896,41.7956191,2406355817
2406355823,-87.6004334,41.7953553,2406355823
2406355831,-87.5933905,41.7956029,2406355831
2406355873,-87.6038113,41.795398,2406355873
2406355879,-87.593555,41.79807,2406355879
2406355888,-87.6004371,41.7954909,2406355888
2406355900,-87.5935547,41.7979789,2406355900
2406355907,-87.6004502,41.7959802,2406355907
2468074901,-87.6061791,41.7862904,2468074901
2468074918,-87.59959,41.7865725,2468074918
2468074921,-87.598252,41.7865847,2468074921
2468074929,-87.5992839,41.7866733,2468074929
2468074930,-87.5985687,41.7866843,2468074930
2468074933,-87.607115,41.7867629,2468074933
2468074940,-87.5992765,41.7869587,2468074940
2468074941,-87.598585,41.7869698,2468074941
2468074947,-87.5995964,41.7871081,2468074947
2468074948,-87.5982638,41.7871125,2468074948
2485911542,-87.6037208,41.7849219,2485911542
2541086783,-87.5991907,41.7900329,2541086783
2541087378,-87.5991664,41.7891452,2541087378
2541099073,-87.5996821,41.790827,2541099073
2562399619,-87.5996132,41.790845,2562399619
2882341574,-87.5924943,41.7914823,2882341574
2889833330,-87.6008506,41.7905843,2889833330
2889850584,-87.6003345,41.7912012,2889850584
2889850585,-87.6003367,41.7912709,2889850585
2889850586,-87.6003384,41.7914008,2889850586
2889862022,-87.5996806,41.791273,2889862022
2889862026,-87.5996783,41.7911815,2889862026
2917415965,-87.6029846,41.7895457,2917415965
3051164544,-87.5998765,41.7932283,3051164544
3051164545,-87.5998954,41.7943106,3051164545
3051164547,-87.5998871,41.7938378,3051164547
3051164548,-87.5998932,41.7941833,3051164548
3051164552,-87.6013517,41.7936709,3051164552
3079082696,-87.6066884,41.7912332,3079082696
3079082697,-87.6067262,41.7913986,3079082697
3079181610,-87.5964363,41.7904203,3079181610
3235484969,-87.6045285,41.7858833,3235484969
3235484971,-87.5982298,41.7859502,3235484971
3235484976,-87.5904127,41.7860959,3235484976
3235485001,-87.6060534,41.7862906,3235485001
3235485003,-87.6043236,41.7863122,3235485003
3235485006,-87.6035095,41.7863209,3235485006
3235485011,-87.6027467,41.7863292,3235485011
3235485013,-87.6009857,41.7863469,3235485013
3235485014,-87.6011975,41.786347,3235485014
3235485015,-87.6004912,41.7863536,3235485015
3235485016,-87.5995874,41.7863622,3235485016
3235485018,-87.5982481,41.7863755,3235485018
3235485025,-87.5963427,41.786395,3235485025
3235485031,-87.6042796,41.7864302,3235485031
3235485035,-87.5914773,41.7864509,3235485035
3235485042,-87.6065381,41.7871183,3235485042
3235485043,-87.6065402,41.7872573,3235485043
3235485055,-87.5970408,41.7880946,3235485055
3235485061,-87.5972679,41.7881788,3235485061
3235485064,-87.5973998,41.7884049,3235485064
3259301888,-87.5981693,41.7949312,3259301888
3259301890,-87.5980962,41.7951563,3259301890
3259360444,-87.6013507,41.7950035,3259360444
3378979836,-87.5915886,41.786084,3378979836
3631594929,-87.5997475,41.7932302,3631594929
4047380721,-87.6012858,41.7841023,4047380721
4047380722,-87.6010158,41.7841053,4047380722
4047380725,-87.6012979,41.7858261,4047380725
4047380726,-87.6011845,41.7858273,4047380726
4047380727,-87.6010754,41.7858285,4047380727
4047380728,-87.5995807,41.7858443,4047380728
4047380730,-87.6012933,41.7859146,4047380730
4047380731,-87.6010783,41.7859169,4047380731
4047380732,-87.5964417,41.785994,4047380732
4047380735,-87.5962285,41.7860209,4047380735
4047380741,-87.6013087,41.7863447,4047380741
4047380742,-87.6010827,41.7863469,4047380742
4047380744,-87.5964511,41.7863938,4047380744
4047380745,-87.5962425,41.7863962,4047380745
4047380746,-87.5916025,41.7864491,4047380746
4047380747,-87.591359,41.786452,4047380747
4047380748,-87.6013086,41.7864588,4047380748
4047380749,-87.6010826,41.7864614,4047380749
4047380750,-87.5964534,41.7865061,4047380750
4047380751,-87.5962377,41.7865111,4047380751
4047380752,-87.5915996,41.7865638,4047380752
4047380753,-87.5913604,41.786565,4047380753
4047380765,-87.601332,41.7871722,4047380765
4047380767,-87.5964678,41.7872246,4047380767
4047380768,-87.5962547,41.7872269,4047380768
4047380769,-87.5916069,41.7872788,4047380769
4047380770,-87.6042629,41.7872806,4047380770
4047380771,-87.5913952,41.7872826,4047380771
4047380772,-87.6035165,41.7872843,4047380772
4047380773,-87.6013337,41.7873111,4047380773
4047380774,-87.599599,41.7873238,4047380774
4047380775,-87.6042645,41.7873255,4047380775
4047380776,-87.5982705,41.7873405,4047380776
4047380778,-87.5964705,41.787361,4047380778
4047380779,-87.5963655,41.7873622,4047380779
4047380780,-87.5962583,41.7873632,4047380780
4047380781,-87.5939307,41.7873839,4047380781
4047380783,-87.5916203,41.7874123,4047380783
4047380784,-87.5915011,41.7874138,4047380784
4047380785,-87.5913921,41.7874159,4047380785
4047380992,-87.6036965,41.7877191,4047380992
4047380993,-87.601339,41.7877508,4047380993
4047380994,-87.601111,41.7877532,4047380994
4047380995,-87.5964793,41.7877991,4047380995
4047380996,-87.5962718,41.7878023,4047380996
4047380997,-87.5916278,41.7878556,4047380997
4047380998,-87.5913935,41.7878574,4047380998
4332957188,-87.6060579,41.786647,4332957188
4332959689,-87.6072302,41.7867877,4332959689
4332959690,-87.606061,41.7868931,4332959690
4332959691,-87.6067637,41.787115,4332959691
4332972929,-87.6060833,41.7879492,4332972929
4332972930,-87.6061261,41.7897401,4332972930
4332972932,-87.6061539,41.7909644,4332972932
4332972934,-87.6061693,41.7916734,4332972934
4332972942,-87.6062377,41.7947094,4332972942
4332972944,-87.6062536,41.7952444,4332972944
4635998808,-87.6055764,41.7980032,4635998808
4635998809,-87.6061486,41.7979956,4635998809
4635998812,-87.6054904,41.7973469,4635998812
4635998813,-87.6061357,41.7973404,4635998813
4635998816,-87.605499,41.7975695,4635998816
4635998818,-87.6061324,41.7971699,4635998818
4829174283,-87.6056898,41.7949746,4829174283
5072693316,-87.5997749,41.7944532,5072693316
5082937230,-87.6062081,41.7872565,5082937230
5082937231,-87.6012182,41.7873119,5082937231
5098734691,-87.6024668,41.7895926,5098734691
5098734692,-87.6022631,41.7901468,5098734692
5098734693,-87.6019497,41.7895569,5098734693
5103668164,-87.6025417,41.7925765,5103668164
5114688937,-87.6012302,41.79597,5114688937
5116576437,-87.6065439,41.7912701,5116576437
5116884417,-87.6073582,41.7848831,5116884417
5116884418,-87.6073541,41.7840285,5116884418
5175102966,-87.5932838,41.7851867,5175102966
5175102972,-87.5938889,41.7853482,5175102972
5175102973,-87.5932872,41.7853562,5175102973
5175102984,-87.5938876,41.7851778,5175102984
5175102991,-87.5938852,41.7848482,5175102991
5390054691,-87.6021155,41.789869,5390054691
5390054693,-87.6067629,41.7919334,5390054693
5394515131,-87.5960651,41.7886425,5394515131
5394546294,-87.5913724,41.7860097,5394546294
5394546297,-87.5915829,41.7860077,5394546297
5394546299,-87.596224,41.7859416,5394546299
5394546301,-87.5962454,41.7871692,5394546301
5394546302,-87.5904111,41.786017,5394546302
5394546305,-87.6062067,41.7858666,5394546305
5394546308,-87.6059099,41.7871267,5394546308
5394546309,-87.60589,41.7862963,5394546309
5394546310,-87.6000017,41.7859952,5394546310
5394546311,-87.6061975,41.7859765,5394546311
5394546313,-87.6028062,41.7858028,5394546313
5394546314,-87.5975461,41.7860194,5394546314
5394546315,-87.6045605,41.7857878,5394546315
5394546316,-87.6007838,41.7859849,5394546316
5394546317,-87.5914672,41.7860089,5394546317
5394546318,-87.5979504,41.7858616,5394546318
5394546319,-87.6044279,41.7857903,5394546319
5394546320,-87.5995829,41.7860007,5394546320
5394546321,-87.5999338,41.785995,5394546321
5394546324,-87.5963608,41.7871639,5394546324
5394546325,-87.5964445,41.7860637,5394546325
5394546326,-87.5970026,41.7858716,5394546326
5394546327,-87.5982324,41.7860107,5394546327
5394546328,-87.5962388,41.7865981,5394546328
5394546330,-87.5969383,41.7860324,5394546330
5394546332,-87.6048937,41.7857813,5394546332
5394546333,-87.5956252,41.7859678,5394546333
5394546336,-87.6048417,41.7857825,5394546336
5394546338,-87.5963316,41.7859224,5394546338
5394546340,-87.5930913,41.7859918,5394546340
5394546341,-87.5963475,41.7865942,5394546341
5394546342,-87.596455,41.7865888,5394546342
5394546343,-87.5969421,41.7863888,5394546343
5394546344,-87.5939075,41.7859841,5394546344
5394546345,-87.5964412,41.7858982,5394546345
5394546346,-87.5978801,41.7860163,5394546346
5394546347,-87.5967816,41.7863904,5394546347
5394546352,-87.6060463,41.7857869,5394546352
5394546353,-87.6008418,41.7859841,5394546353
5394546354,-87.601079,41.785981,5394546354
5394546355,-87.5964665,41.7871607,5394546355
5394546357,-87.5997829,41.7863592,5394546357
5394546359,-87.6059062,41.7857767,5394546359
5394546363,-87.5982287,41.7858586,5394546363
5394546364,-87.594707,41.7859765,5394546364
5394546366,-87.5979657,41.7863784,5394546366
5394546367,-87.5970864,41.7860322,5394546367
5394546368,-87.6001357,41.7863566,5394546368
5394546370,-87.6059136,41.7872583,5394546370
5394546371,-87.6058955,41.7864172,5394546371
5394552716,-87.6155742,41.785709,5394552716
5396346492,-87.5916289,41.7879233,5396346492
5396346495,-87.606079,41.7877745,5396346495
5396346496,-87.6013414,41.7878237,5396346496
5396346498,-87.5962768,41.7878756,5396346498
5396346499,-87.6059245,41.7877767,5396346499
5396346500,-87.6059203,41.7876329,5396346500
5396346501,-87.591408,41.7879255,5396346501
5396346502,-87.6047598,41.787669,5396346502
5396346503,-87.5939483,41.7878995,5396346503
5396346504,-87.6035279,41.7878013,5396346504
5396346505,-87.601229,41.7878249,5396346505
5396346508,-87.5964808,41.7878735,5396346508
5396346509,-87.5996111,41.7878414,5396346509
5396346510,-87.5980717,41.7878572,5396346510
5396346511,-87.6011122,41.7878261,5396346511
5396346512,-87.6060752,41.7876329,5396346512
5396346513,-87.5947487,41.7878913,5396346513
5396346515,-87.6062176,41.7876329,5396346515
5396346519,-87.5970338,41.7878679,5396346519
5396346520,-87.6059214,41.7876913,5396346520
5396349321,-87.6047626,41.7877887,5396349321
5396349322,-87.5979946,41.787858,5396349322
5396349323,-87.6062214,41.7877737,5396349323
5396349324,-87.5985536,41.7878523,5396349324
5396349325,-87.5963776,41.7878746,5396349325
5396349326,-87.6049124,41.7877871,5396349326
5396370398,-87.5963739,41.7877215,5396370398
5396370399,-87.601338,41.7876711,5396370399
5396370400,-87.5964777,41.7877206,5396370400
5396370401,-87.5916266,41.7877828,5396370401
5396370402,-87.6011098,41.7876716,5396370402
5396370403,-87.6035756,41.7878008,5396370403
5396370404,-87.5962694,41.7877225,5396370404
5396370405,-87.5915103,41.7877841,5396370405
5396370406,-87.5913933,41.7877854,5396370406
5396370407,-87.6012258,41.7876716,5396370407
5397144682,-87.5984637,41.786276,5397144682
5397144683,-87.5983175,41.786191,5397144683
5397144685,-87.5989183,41.7861611,5397144685
5397144686,-87.6003801,41.786103,5397144686
5397144687,-87.5983175,41.786276,5397144687
5397144688,-87.5986578,41.786119,5397144688
5397144689,-87.5986085,41.786181,5397144689
5397144690,-87.5986152,41.786255,5397144690
5397144691,-87.606213,41.7857981,5397144691
5397144692,-87.6006894,41.7861038,5397144692
5397144693,-87.600042,41.7861038,5397144693
5397144694,-87.5968942,41.7862645,5397144694
5397144695,-87.5990122,41.786256,5397144695
5397144696,-87.5976846,41.7861379,5397144696
5397144697,-87.5986662,41.786275,5397144697
5397144698,-87.5973935,41.786212,5397144698
5397144699,-87.6042532,41.786501,5397144699
5397144700,-87.5990139,41.786217,5397144700
5397144701,-87.5964475,41.786212,5397144701
5397144702,-87.5995851,41.786178,5397144702
5397144704,-87.5991114,41.7861628,5397144704
5397144705,-87.5979079,41.7861341,5397144705
5397144706,-87.5976793,41.7862541,5397144706
5397144708,-87.599463,41.7861685,5397144708
5397144709,-87.5991114,41.7863669,5397144709
5397144711,-87.5989176,41.7862171,5397144711
5397144712,-87.6000919,41.7862453,5397144712
5397144714,-87.5982402,41.7861902,5397144714
5397144715,-87.5998306,41.7862441,5397144715
5397144716,-87.5992504,41.7861173,5397144716
5397144717,-87.5986568,41.786099,5397144717
5397144718,-87.5995247,41.7861701,5397144718
5397144719,-87.5995218,41.78622,5397144719
5397144720,-87.5991114,41.786256,5397144720
5397149021,-87.5993944,41.7861149,5397149021
5397149022,-87.602774,41.7872934,5397149022
5397149023,-87.5983175,41.786125,5397149023
5397149024,-87.599858,41.7861779,5397149024
5397149025,-87.598661,41.786179,5397149025
5397149026,-87.5987936,41.78616,5397149026
5397149027,-87.5993971,41.786222,5397149027
5397149028,-87.5984615,41.7862581,5397149028
5397149029,-87.596937,41.7862165,5397149029
5397149031,-87.5987896,41.786097,5397149031
5397149032,-87.5966406,41.7862633,5397149032
5397149033,-87.6003861,41.7861922,5397149033
5397149034,-87.6006187,41.7861929,5397149034
5397149035,-87.5989452,41.7862162,5397149035
5397149036,-87.5979204,41.7861867,5397149036
5397149038,-87.5966357,41.786212,5397149038
5397149039,-87.5992549,41.786164,5397149039
5397149040,-87.5973965,41.786256,5397149040
5397149042,-87.600887,41.7861007,5397149042
5397149043,-87.5994641,41.786113,5397149043
5397149044,-87.5995228,41.786178,5397149044
5397149045,-87.5989424,41.786272,5397149045
5425489950,-87.5940375,41.7920163,5425489950
5425489952,-87.5946684,41.7958541,5425489952
5425489953,-87.594941,41.7958517,5425489953
5495274508,-87.6040341,41.7915016,5495274508
5495274511,-87.6042696,41.7918128,5495274511
5495274512,-87.6044119,41.7918127,5495274512
5495286330,-87.5939723,41.784182,5495286330
5518683523,-87.5927606,41.7916539,5518683523
5545781679,-87.5915147,41.7879244,5545781679
5545781680,-87.5981193,41.7950561,5545781680
5622914297,-87.6063799,41.7948704,5622914297
5622914298,-87.6060849,41.794856,5622914298
5622914299,-87.6063839,41.7950774,5622914299
5622914300,-87.6060654,41.7950772,5622914300
5622914301,-87.6060755,41.7949721,5622914301
5622914302,-87.6063839,41.7949707,5622914302
5690417083,-87.591366,41.786087,5690417083
5690421730,-87.6047606,41.7877048,5690421730
5827159295,-87.6061486,41.7907118,5827159295
5827159299,-87.6061804,41.7922566,5827159299
5827159300,-87.6061939,41.7926906,5827159300
5827159301,-87.6062015,41.7929355,5827159301
5827159304,-87.6062317,41.7944433,5827159304
5827159307,-87.6062608,41.7955307,5827159307
5827182220,-87.6060595,41.786775,5827182220
5827182221,-87.6065281,41.7864097,5827182221
5827182224,-87.6060904,41.788234,5827182224
5827236815,-87.6058962,41.7858701,5827236815
5827236816,-87.6060481,41.7858687,5827236816
5885767565,-87.6061232,41.7895209,5885767565
5885767568,-87.5997692,41.7950292,5885767568
5885767569,-87.6061638,41.7913196,5885767569
