geoid10,lat,lon,population,lower_areal_unit,access,access_cat,access_sd
17031842400,41.7424751,-87.6300402,5157.0,44.0,0.05437299054610567,7.0,0.12624137874764663
17031840300,41.83209420000001,-87.6818817,5881.0,59.0,6.5515648462811376,22.0,15.211202673279884
17031841100,41.8510057,-87.6350976,3363.0,34.0,9.284239249930016,44.0,21.555834096348548
17031841200,41.8555619,-87.6833421,3710.0,31.0,20.03426452845327,96.0,46.51488084184761
17031838200,41.8704157,-87.67507940000002,3296.0,28.0,40.35990614375275,111.0,93.7062711934627
17031650301,41.774927399999996,-87.7299913,5744.0,65.0,0.10244322287173446,8.0,0.2378492256686527
17031530503,41.6635979,-87.637412,5147.0,53.0,0.0,0.0,0.0
17031760803,41.9753463,-87.8441545,7343.0,76.0,0.0,0.0,0.0
17031540102,41.6673324,-87.60544909999999,3268.0,54.0,0.7593523753434592,8.0,1.7630387781847805
17031540101,41.650219899999996,-87.5997933,3922.0,54.0,1.0990954447641073,15.0,2.5518427978432485
17031440201,41.7482101,-87.6100747,5343.0,44.0,0.0,0.0,0.0
17031839000,41.871043799999995,-87.6314037,5898.0,32.0,0.49629229980040024,16.0,1.1522747518460754
17031030601,41.988887,-87.6549376,3538.0,77.0,11.95025281487668,36.0,27.74569462854436
17031030604,41.98591939999999,-87.6527318,2961.0,77.0,7.70256198091582,58.0,17.883549067169373
17031020801,41.9868083,-87.6944152,4512.0,2.0,13.231198308130201,53.0,30.719750746200567
17031843300,41.8637638,-87.6925502,3652.0,29.0,35.62174330967103,109.0,82.70536425607199
17031080202,41.905859299999996,-87.63089959999999,3533.0,8.0,6.453710890792422,45.0,14.984008654103553
17031070102,41.9305829,-87.6422022,2656.0,7.0,14.437432610607866,41.0,33.52034493658932
17031031501,41.9672843,-87.65244809999999,3430.0,3.0,43.070656456308136,81.0,100.0
17031031502,41.9636328,-87.6523659,4386.0,3.0,42.93532779629603,88.0,99.68579847360955
17031834900,41.772294099999996,-87.656734,3335.0,67.0,2.8854872184296343,20.0,6.699427071321142
17031834800,41.7836301,-87.6450875,5554.0,68.0,12.18405532216295,30.0,28.288529417987245
17031160502,41.9555843,-87.713088,4568.0,16.0,4.183201432951494,32.0,9.712416241426524
17031140702,41.9635485,-87.71357590000001,6252.0,14.0,13.370943380388313,39.0,31.044206149846136
17031842000,41.834960200000005,-87.62517079999999,7989.0,35.0,18.72595111469858,64.0,43.47728280783139
17031150402,41.9567979,-87.77204350000001,3695.0,15.0,2.689238061895164,18.0,6.243782387257527
17031834400,41.776944799999995,-87.59630959999998,4342.0,42.0,4.222452270199481,21.0,9.80354751379941
17031040201,41.9725805,-87.6940005,6195.0,4.0,27.52390625855186,79.0,63.90407883955227
17031040202,41.979855,-87.6940963,6691.0,4.0,20.574550556879583,53.0,47.769298751577836
17031020702,41.9952892,-87.7053885,8232.0,2.0,4.765770715890366,18.0,11.065005987835068
17031020802,41.994059,-87.6946301,7942.0,2.0,13.338849822375582,31.0,30.969692407420858
17031020301,42.0068653,-87.7051864,5239.0,2.0,1.8243388147999862,13.0,4.235688435932333
17031838700,41.8625779,-87.7201859,5504.0,29.0,11.672763805328279,61.0,27.10142998904463
17031841500,41.8616224,-87.70791290000001,5079.0,29.0,20.742883048832987,82.0,48.1601274637526
17031838600,41.8678237,-87.7008245,2361.0,29.0,21.474811255307685,83.0,49.85949373001135
17031837300,41.871618700000006,-87.7055517,4802.0,27.0,14.72069184337811,73.0,34.178006686085965
17031837800,41.884750200000006,-87.6841277,4698.0,28.0,14.440884949374178,100.0,33.528360460499
17031837400,41.8759749,-87.6938017,4542.0,27.0,12.356056113883616,94.0,28.68787506505243
17031836900,41.8818825,-87.706135,6468.0,27.0,11.853559392313528,75.0,27.521195095640234
17031020601,42.000874700000004,-87.7018025,6697.0,2.0,5.428688555315739,25.0,12.604146307411696
17031020602,42.001315600000005,-87.6936373,4102.0,2.0,6.355127938944165,29.0,14.755122075724461
17031020302,42.0085408,-87.6949637,4651.0,2.0,5.463975892002545,31.0,12.686075257630048
17031020902,41.9942499,-87.6786969,4195.0,2.0,6.663094631842354,53.0,15.470148774262475
17031010701,42.0091486,-87.6786213,3946.0,1.0,10.973962636536378,51.0,25.478976963512544
17031030103,41.995380600000004,-87.6546958,2238.0,77.0,15.382618475248368,43.0,35.71484565333442
17031030102,41.9933961,-87.6551308,2956.0,77.0,14.153699455191617,36.0,32.861582849449846
17031010502,42.0045171,-87.66332740000001,3690.0,1.0,13.946111630678464,54.0,32.37961242783871
17031010503,42.000320200000004,-87.6631272,2228.0,1.0,19.131528931262967,43.0,44.4189397267962
17031010702,42.0090199,-87.6727255,5274.0,1.0,14.052377013754258,41.0,32.626335816379566
17031837100,41.8856734,-87.6987204,2744.0,27.0,6.364489107342807,77.0,14.776856521328138
17031837000,41.8783238,-87.6986748,6052.0,27.0,10.021287759869352,70.0,23.2670885107943
17031010201,42.0160078,-87.6801489,7083.0,1.0,16.81947476395654,36.0,39.050890206464814
17031020901,41.9942356,-87.68608499999999,5013.0,2.0,9.020556716010544,43.0,20.943624867109246
17031040401,41.9720665,-87.6860812,2836.0,4.0,11.963027095454041,67.0,27.775353523087375
17031210602,41.93416679999999,-87.71257270000001,4126.0,21.0,1.699127135088879,25.0,3.94497617377277
17031160501,41.9592099,-87.7129733,4498.0,16.0,9.153147563991125,39.0,21.2514698337052
17031191302,41.9202287,-87.7705328,5088.0,19.0,2.5840331500918152,8.0,5.999521165211675
17031190602,41.9275605,-87.77073730000001,5265.0,19.0,2.9396335021918265,25.0,6.825142089890964
17031840200,41.8445752,-87.6491923,7491.0,60.0,0.46847596350312193,4.0,1.0876917187885324
17031530501,41.6742779,-87.6321658,5192.0,53.0,0.0,0.0,0.0
17031831400,41.8691184,-87.756088,3716.0,25.0,6.012595318467234,18.0,13.959841370345838
17031831300,41.9077665,-87.7442598,3310.0,25.0,0.31182397516589244,8.0,0.723982406635046
17031833000,41.8852883,-87.6572426,5421.0,28.0,5.338111120175865,44.0,12.393846668185724
17031760801,41.9834847,-87.8448472,4399.0,76.0,0.0,0.0,0.0
17031020701,41.9868914,-87.7036893,1893.0,2.0,6.426591125523026,41.0,14.921042896205467
17031010501,42.00941160000001,-87.6639579,3831.0,1.0,9.582590793932638,41.0,22.248536665916475
17031252101,41.875487799999995,-87.7695728,1787.0,25.0,17.610872302607476,57.0,40.888330365877636
17031252102,41.8765925,-87.7598119,5888.0,25.0,14.598280842741769,38.0,33.893796946305194
17031252202,41.8767584,-87.74458320000001,4871.0,25.0,0.3706677638081223,25.0,0.8606039338734858
17031220601,41.925825,-87.71288320000001,1596.0,22.0,6.707867489558591,39.0,15.574100887835796
17031210502,41.933784700000004,-87.7220526,4909.0,21.0,7.2228183366412235,32.0,16.769696426540925
17031220602,41.9293312,-87.71198129999999,4690.0,22.0,4.346348258440017,32.0,10.091205047801054
17031220901,41.9191817,-87.7212485,3297.0,22.0,15.293878474344176,32.0,35.508812107051675
17031220902,41.9227111,-87.7218355,3325.0,22.0,15.963391005016767,39.0,37.06326375872724
17031200401,41.919828700000004,-87.73754240000001,3814.0,20.0,1.7245345248230122,32.0,4.003966195807625
17031200402,41.9196351,-87.7296796,4033.0,20.0,9.021428580822823,26.0,20.94564913347529
17031191301,41.920152,-87.780265,5941.0,19.0,1.0145927333757094,18.0,2.355647247691559
17031190601,41.9274146,-87.7804607,4777.0,19.0,0.7012923171231338,18.0,1.628236889852238
17031190701,41.929796100000004,-87.761422,3072.0,19.0,6.392108159818515,25.0,14.840981507451174
17031190702,41.9261628,-87.761039,5090.0,19.0,7.49384767910032,8.0,17.398963228485385
17031190401,41.9347278,-87.78095259999999,4183.0,19.0,0.2880022403472664,18.0,0.668673904795072
17031190402,41.934859499999995,-87.7712315,4642.0,19.0,4.058096704491905,25.0,9.421952295081761
17031832100,41.952821899999996,-87.6532421,4622.0,6.0,23.26535382365887,88.0,54.016715178835916
17031843800,41.801656799999996,-87.6404755,6713.0,61.0,1.6342962086406572,41.0,3.794453911559311
17031842800,41.8075338,-87.69830440000001,8507.0,58.0,6.398400090880809,15.0,14.855589901146487
17031980100,,,,,,,
17031833300,41.8716917,-87.6541256,5349.0,28.0,4.80027748071417,83.0,11.145122632583234
17031832900,41.8741749,-87.66189,3872.0,28.0,24.777896419031926,96.0,57.528485650473414
17031838000,41.877364299999996,-87.6806501,2319.0,28.0,28.697058468123096,95.0,66.62786414048286
17031838100,41.878665000000005,-87.6716801,5269.0,28.0,38.23291692323778,90.0,88.76789923557847
17031833100,41.879076500000004,-87.6570448,5830.0,28.0,8.512262885298929,69.0,19.763485364877045
17031839100,41.881026899999995,-87.6327464,5729.0,32.0,0.24025590711430578,8.0,0.5578180758819566
17031030706,41.980235,-87.65160490000001,3460.0,77.0,7.824921765793372,75.0,18.167639895925785
17031150401,41.9645676,-87.77226479999999,4805.0,15.0,0.0,0.0,0.0
17031150501,41.9644763,-87.78196390000001,3743.0,15.0,0.5117370091709161,10.0,1.188133758049483
17031842900,41.8631386,-87.672938,6834.0,28.0,26.359585313628198,106.0,61.20079767153762
17031841900,41.8678924,-87.6429689,2992.0,28.0,3.066556073704507,24.0,7.119826643030834
17031843000,41.8679347,-87.722752,5326.0,29.0,6.994160286308725,43.0,16.23880586404287
17031842100,41.895278499999996,-87.73361009999999,7838.0,23.0,7.556251655836292,45.0,17.54385068057072
17031080201,41.90949929999999,-87.6310071,3235.0,8.0,2.4386636209475743,45.0,5.662007086939598
17031070101,41.9304641,-87.6325582,3988.0,7.0,4.758288439435908,35.0,11.047633890286361
17031063301,41.934540999999996,-87.6430244,2626.0,6.0,17.25999865431226,41.0,40.07368374294736
17031063303,41.9347305,-87.63466,1157.0,6.0,11.662883943404154,41.0,27.07849125827755
17031081201,41.899154700000004,-87.62621390000001,4552.0,8.0,26.69068505136112,45.0,61.969533894698735
17031081202,41.9061375,-87.6218104,3221.0,8.0,6.271116790322017,45.0,14.56006781945286
17031040402,41.972545200000006,-87.6788184,4701.0,4.0,16.55406225195207,67.0,38.43466437235497
17031220702,41.9293686,-87.7242312,4426.0,22.0,10.406551889329414,39.0,24.161581794988564
17031842200,41.9049338,-87.6498855,7962.0,8.0,6.591736969965811,21.0,15.304472957482366
17031842300,41.9022009,-87.65606640000001,6138.0,24.0,1.3735158449994014,21.0,3.1889828435578345
17031843700,41.9448264,-87.6907877,5594.0,5.0,0.17958083443248873,18.0,0.41694473501851465
17031835000,41.7828495,-87.68604930000001,4182.0,66.0,10.79630582923202,43.0,25.066499369899415
17031835100,41.7901577,-87.6862483,5174.0,63.0,7.559996082228311,18.0,17.552544363695375
17031834700,41.790690399999995,-87.64503359999999,2785.0,68.0,3.1668168121627573,41.0,7.352608649871054
17031151001,41.9423823,-87.754352,2538.0,15.0,1.7870068240903596,28.0,4.149012276845932
17031151002,41.942492200000004,-87.7471564,4685.0,15.0,0.9596256008903228,28.0,2.2280264101936527
17031160602,41.956093,-87.70063490000001,3983.0,16.0,4.7505051585257725,38.0,11.029562930727081
17031140601,41.9646474,-87.72589140000001,2969.0,14.0,4.683168694384019,22.0,10.873223395456563
17031140701,41.967037100000006,-87.71265179999999,2385.0,14.0,19.86664331752854,60.0,46.12570355801686
17031140602,41.9646521,-87.7210165,5614.0,14.0,8.471208925590522,29.0,19.668167663485487
17031140301,41.9692055,-87.7231696,2748.0,14.0,6.8344011635179545,29.0,15.867882511730297
17031841800,41.7663066,-87.5994213,3815.0,69.0,6.583166627900793,17.0,15.284574625833503
17031842500,41.7769505,-87.6232158,2957.0,69.0,2.5811104168817813,30.0,5.992735261651094
17031842600,41.8162185,-87.6516948,9358.0,61.0,2.979945021111596,21.0,6.918736017256948
17031843500,41.8382144,-87.69675409999999,12552.0,30.0,4.03998275496968,30.0,9.37989593696565
17031843400,41.8493273,-87.7320217,4988.0,29.0,7.971722336696402,32.0,18.508476518771197
17031843200,41.8474396,-87.6633947,6194.0,31.0,5.47652553219755,41.0,12.715212589696801
17031140302,41.972549,-87.7237901,4472.0,14.0,2.8813308286399355,22.0,6.689776905450288
17031110501,41.977002399999996,-87.7619251,4636.0,11.0,0.0,0.0,0.0
17031110502,41.9702868,-87.7598508,3646.0,11.0,0.0,0.0,0.0
17031760802,41.957832200000006,-87.847217,2401.0,76.0,0.0,0.0,0.0
17031150502,41.9567782,-87.7818408,4290.0,15.0,1.150938150144159,28.0,2.672209445685364
17031843100,41.860750200000005,-87.7007125,3376.0,29.0,35.913029053539375,72.0,83.38166168878894
17031834300,41.745844700000006,-87.5917741,5444.0,45.0,0.6537533342557267,10.0,1.5178624800365164
17031843900,41.776599,-87.57601700000001,2643.0,42.0,9.973080667442916,14.0,23.155162906699225
17031831200,41.9153185,-87.7322498,6231.0,20.0,9.86206809853527,26.0,22.89741766192855
17031831600,41.925610600000006,-87.79761490000001,2598.0,18.0,6.070669880717037,10.0,14.094676933645681
17031831500,41.9276422,-87.7880229,5266.0,19.0,2.404890830508888,10.0,5.58359455920637
17031831100,41.9428559,-87.7174958,2593.0,21.0,4.423479975872443,14.0,10.270286872362213
17031831700,41.952650399999996,-87.7452543,5050.0,15.0,0.23202938145644225,10.0,0.5387180055911575
17031440202,41.74096,-87.6097621,3604.0,44.0,0.0,0.0,0.0
17031440102,41.7409356,-87.6011635,3156.0,44.0,0.0,0.0,0.0
17031430102,41.7693827,-87.5616345,3414.0,43.0,9.820137900379084,10.0,22.800065539611307
17031030702,41.9806769,-87.65479559999999,1460.0,77.0,9.949765508129442,80.0,23.101030554811054
17031030603,41.9854759,-87.65839709999999,2048.0,77.0,10.255746037526723,62.0,23.81144584580546
17031030701,41.9827458,-87.6579669,1734.0,77.0,7.65286842492948,88.0,17.768172242029152
17031840800,41.840833399999994,-87.7073719,5952.0,30.0,19.3851464250712,40.0,45.00778028478841
17031836300,41.80153189999999,-87.60175749999999,6465.0,41.0,19.856613574628692,67.0,46.10241683864674
17031838300,41.9015666,-87.63840400000001,4535.0,8.0,5.604633526444027,45.0,13.012649417427607
17031839800,41.8350677,-87.64316290000001,7462.0,60.0,0.5877362465326771,15.0,1.3645862285124217
17031836600,41.8986971,-87.70880550000001,6715.0,23.0,27.64935109926243,85.0,64.19533244707
17031730202,41.7264117,-87.64854179999999,3479.0,73.0,0.5556872472045118,8.0,1.2901759409407045
17031430101,41.7698263,-87.5739526,3913.0,43.0,0.0,0.0,0.0
17031063302,41.934765000000006,-87.6398547,4186.0,6.0,17.87161253560632,41.0,41.493708259904736
17031836200,41.790469,-87.6012844,1329.0,41.0,13.719863111961779,59.0,31.854316234718926
17031840100,41.8418679,-87.63919990000001,7773.0,60.0,2.148670317192267,52.0,4.988710398161513
17031580502,41.81456179999999,-87.6993103,4893.0,58.0,5.179210152111358,15.0,12.02491575062309
17031841400,41.853310799999996,-87.7144125,6621.0,29.0,14.812510543021116,71.0,34.39118825144276
17031081401,41.8950395,-87.6197531,2516.0,8.0,32.88856029090084,38.0,76.3595519475394
17031081403,41.8919084,-87.60996779999999,7004.0,8.0,11.116949204703761,38.0,25.81095836322126
17031030703,41.978874600000005,-87.6578702,2579.0,77.0,12.453958367934307,86.0,28.915181222203774
17031836000,41.8140032,-87.61168359999999,2904.0,38.0,16.967108646825896,69.0,39.393661584976584
17031835800,41.8130457,-87.618718,6676.0,38.0,10.819899951403045,73.0,25.121279408357754
17031835900,41.8201666,-87.6214991,6888.0,38.0,10.063612175214471,44.0,23.365355913307777
17031834500,41.7880823,-87.624736,3334.0,40.0,6.338075087036999,65.0,14.715529338324545
17031843600,41.8067653,-87.60894859999999,2469.0,38.0,30.64811889522565,64.0,71.1577705492272
17031834600,41.787247,-87.63430629999999,5475.0,68.0,7.580697612821048,35.0,17.600608480418874
17031831800,41.978233200000005,-87.7164526,2157.0,13.0,3.8742803698407258,50.0,8.995173718261956
17031832600,41.914749,-87.6540548,4342.0,7.0,10.01668115549621,15.0,23.25639305186203
17031061901,41.9432357,-87.6434578,3785.0,6.0,15.893434566127317,60.0,36.90084125430032
17031770602,42.0123907,-87.9044885,5640.0,76.0,0.0,0.0,0.0
17031839700,41.833079999999995,-87.6523575,4450.0,60.0,0.06401787851372998,8.0,0.14863455489393618
17031839900,41.8271229,-87.6487068,9166.0,60.0,0.0765225493767332,8.0,0.1776674786797351
17031835200,41.796643700000004,-87.7452868,5453.0,56.0,3.871987859953171,15.0,8.98985104599231
17031838800,41.6835098,-87.57231920000001,3331.0,51.0,0.0,0.0,0.0
17031833900,41.7318649,-87.5477994,6308.0,46.0,0.0,0.0,0.0
17031836800,41.8850451,-87.713863,5105.0,27.0,19.909566405633303,65.0,46.22536093878677
17031836700,41.891704,-87.70217459999999,4718.0,23.0,11.17357806469278,67.0,25.942437343687843
17031832200,41.9204773,-87.6799713,3454.0,22.0,1.1462047849768255,39.0,2.661219677809095
17031831000,41.914788,-87.67699990000001,3363.0,22.0,3.4521887716026236,53.0,8.015175657015126
17031832400,41.9157414,-87.6922571,3017.0,22.0,12.279741387325439,71.0,28.510690102395564
17031770902,41.9700657,-87.83618409999998,4936.0,76.0,0.0,0.0,0.0
17031660301,41.7799542,-87.6982875,1790.0,66.0,17.124135642913398,43.0,39.758241577498396
17031660302,41.783595700000006,-87.6983927,5554.0,66.0,9.313848656785586,43.0,21.624580220256842
17031252201,41.876695700000006,-87.7521048,3007.0,25.0,0.8428509262052127,38.0,1.9569029022351216
17031070103,41.9268108,-87.6426048,1679.0,7.0,5.617094760482413,50.0,13.041581491056501
17031220701,41.9261553,-87.7215648,3459.0,22.0,12.735967611876703,39.0,29.569940789726207
17031834000,41.7275362,-87.62949909999999,3590.0,49.0,0.12354837503181582,8.0,0.28685045735754255
17031834200,41.7555675,-87.5836069,4893.0,43.0,9.319866735161728,25.0,21.63855279200589
17031835500,41.816354,-87.6325417,1457.0,37.0,2.808635085669186,26.0,6.52099437703795
17031839500,41.8340977,-87.6192902,6327.0,35.0,21.834530166205923,58.0,50.69467698583924
17031839200,41.8420111,-87.62203670000001,6197.0,35.0,32.00129856819533,60.0,74.29953755327176
17031840400,41.833848100000004,-87.66768,3606.0,59.0,3.1008340726184107,15.0,7.199412146791791
17031841000,41.848448600000005,-87.61738709999999,5000.0,33.0,24.189684699491153,52.0,56.16279548473965
17031301802,41.8451852,-87.7277605,2897.0,30.0,12.378344093249101,41.0,28.739622545121822
17031730201,41.726830299999996,-87.65791159999999,5824.0,73.0,0.16270564818905597,15.0,0.3777644957747703
17031580501,41.8199863,-87.6994969,5059.0,58.0,7.036218015659429,22.0,16.336454083993658
17031700302,41.7383651,-87.7313063,5686.0,70.0,0.0,0.0,0.0
17031700402,41.7382301,-87.7118233,3840.0,70.0,0.0,0.0,0.0
17031700401,41.7455372,-87.7120356,6261.0,70.0,0.0,0.0,0.0
17031830500,41.8300655,-87.723951,3163.0,30.0,1.6323369172322493,19.0,3.789904894735304
17031841700,41.8531303,-87.7041821,7009.0,30.0,29.089613833670384,71.0,67.5392859711334
17031841600,41.8553761,-87.707601,4320.0,29.0,20.78524784099982,71.0,48.25848861181127
17031840700,41.8529302,-87.6942665,2658.0,30.0,36.825917216004875,74.0,85.50117468806619
17031841300,41.8440833,-87.6830306,4487.0,31.0,7.9808968945908925,44.0,18.529777698389385
17031301801,41.8416617,-87.73504890000001,4246.0,30.0,5.699083557081591,26.0,13.231940318492413
17031530502,41.6648049,-87.62667370000001,1495.0,53.0,0.0,0.0,0.0
17031071400,41.922153,-87.6294059,4357.0,7.0,0.0,0.0,0.0
17031071600,41.916472999999996,-87.6411838,1715.0,7.0,3.18347295259847,15.0,7.39128031593356
17031832300,41.919207,-87.67144909999999,4605.0,22.0,1.6145057780830303,8.0,3.748505156221202
17031832500,41.9218779,-87.6641188,6735.0,7.0,7.059073655454659,15.0,16.38951953893609
17031832000,41.946293,-87.65429590000001,4805.0,6.0,20.350247841980114,68.0,47.248520260246956
17031030104,41.997277000000004,-87.655642,3688.0,77.0,16.248963079648412,43.0,37.72629538658584
17031030101,41.9912706,-87.6546675,3727.0,77.0,12.625137943317027,36.0,29.312620196825318
17031160601,41.95953170000001,-87.70214940000001,3999.0,16.0,10.200650148639285,64.0,23.68352606602841
17031210501,41.9374016,-87.7223308,4569.0,21.0,8.469273761510935,25.0,19.66367466468119
17031210601,41.9376352,-87.712213,3066.0,21.0,1.798460310453268,25.0,4.175604595852091
17031700502,41.7388519,-87.6887682,3001.0,70.0,0.09951801866904253,10.0,0.23105758504051568
17031836100,41.7998049,-87.6186823,7204.0,40.0,18.54710645616812,69.0,43.06204730123566
17031835700,41.812844399999996,-87.62759770000001,5512.0,38.0,6.895359156024468,52.0,16.009412726316995
17031836400,41.8211751,-87.5958325,6477.0,36.0,6.607136250878984,27.0,15.34022648942306
17031836500,41.8282771,-87.60063819999999,1614.0,36.0,1.498375104029187,31.0,3.4788768672452743
17031839600,41.8274414,-87.6192499,6725.0,35.0,18.779845824411492,42.0,43.602413730243924
17031840000,41.831166499999995,-87.638299,5046.0,60.0,0.9796483712746678,15.0,2.2745146043187097
17031835600,41.80183529999999,-87.632201,7385.0,37.0,7.987296103892357,48.0,18.54463516708842
17031830800,41.9651416,-87.6765782,5860.0,4.0,11.177350732280166,80.0,25.951196596269032
17031460301,41.7400279,-87.5563646,2639.0,46.0,17.676248220682353,18.0,41.04011797130036
17031301701,41.842479700000005,-87.71962359999999,3744.0,30.0,14.932229721139166,41.0,34.66914820833242
17031310400,41.85650820000001,-87.65226390000001,1426.0,31.0,11.34426543229805,44.0,26.33873352686401
17031530100,41.681852500000005,-87.61793990000001,2091.0,53.0,11.575996776483136,31.0,26.87675955955325
17031081100,41.90020689999999,-87.6291097,3657.0,8.0,20.49570895737433,45.0,47.58624698039058
17031150700,41.9495919,-87.7619588,4621.0,15.0,8.50573753360722,18.0,19.748335023023476
17031640100,41.7820943,-87.7399953,1230.0,64.0,0.14039937955859472,8.0,0.32597455230574224
17031081300,41.898335700000004,-87.6207537,5053.0,8.0,31.258569256235482,38.0,72.5750936439636
17031301702,41.8388064,-87.71952490000001,3694.0,30.0,8.939714461832255,41.0,20.755928043262834
17031700301,41.7456224,-87.7317115,5796.0,70.0,0.0,0.0,0.0
17031490902,41.70328,-87.61532609999999,4825.0,49.0,0.5390738876940321,25.0,1.2516036021899992
17031490901,41.6960581,-87.6162675,4215.0,49.0,7.540494618550077,31.0,17.507266521928518
17031650302,41.7750956,-87.7177499,4148.0,65.0,1.6756706892871855,27.0,3.8905157876732726
17031831900,41.9451696,-87.66879200000001,4583.0,6.0,2.5599374263092605,53.0,5.943576525020276
17031830900,41.9286293,-87.685372,5237.0,22.0,0.5249778777540937,4.0,1.2188759609146969
17031830700,41.960972600000005,-87.6591714,2590.0,3.0,2.4376102317799995,47.0,5.659561363437233
17031830600,42.001698100000006,-87.6735741,4733.0,1.0,13.152266606839488,58.0,30.53648977972149
17031700501,41.746213,-87.690342,7871.0,70.0,0.0,0.0,0.0
17031460302,41.7470864,-87.5573907,3506.0,46.0,17.676248220682353,18.0,41.04011797130036
17031431302,41.7583854,-87.5627858,3401.0,43.0,0.08326093098433907,10.0,0.19331242621946307
17031431301,41.753530100000006,-87.5601862,3421.0,43.0,17.676248220682353,18.0,41.04011797130036
17031440101,41.7486354,-87.6013955,3747.0,44.0,0.28508670332032404,17.0,0.661904709090103
17031301803,41.839549700000006,-87.7278709,5054.0,30.0,6.197537059535435,32.0,14.389232877893003
17031310200,41.856308500000004,-87.64420909999998,1526.0,31.0,5.470814514282212,38.0,12.70195294058713
17031310300,41.8561398,-87.64898029999999,1493.0,31.0,7.055331845278105,44.0,16.380831930052413
17031310500,41.8552242,-87.6547505,1722.0,31.0,14.396051405330844,44.0,33.424267447454696
17031510300,41.7157378,-87.5749725,6037.0,51.0,0.0,0.0,0.0
17031491400,41.689122999999995,-87.616821,2698.0,49.0,17.81849000022536,31.0,41.370370145857535
17031500200,41.7008558,-87.6003019,2091.0,50.0,0.0,0.0,0.0
17031530200,41.6815614,-87.6323959,4893.0,53.0,2.250814028319727,31.0,5.22586422754667
17031740100,41.69728610000001,-87.6986078,2805.0,74.0,0.0,0.0,0.0
17031140500,41.9653616,-87.7318313,4121.0,14.0,1.0410380191332105,22.0,2.4170470217682043
17031140800,41.964494099999996,-87.70277490000001,7209.0,14.0,20.567587835953816,64.0,47.75313294056256
17031150200,41.960675099999996,-87.75241340000001,7821.0,15.0,0.0,0.0,0.0
17031150300,41.9605182,-87.7622861,7526.0,15.0,0.3454043310964974,18.0,0.8019481464065529
17031300900,41.8481802,-87.70270040000001,3963.0,30.0,25.963973935534405,71.0,60.282280493850514
17031301100,41.8470218,-87.6979675,3182.0,30.0,24.517524369026404,71.0,56.92396259132373
17031301200,41.8484172,-87.6914771,3518.0,30.0,19.75402984756536,74.0,45.86424139507672
17031740400,41.6872387,-87.71931590000001,4809.0,74.0,0.0,0.0,0.0
17031640300,41.7815321,-87.7716353,6947.0,64.0,0.5556872472045118,8.0,1.2901759409407045
17031640600,41.7760359,-87.7714293,4432.0,64.0,0.06693982879543725,8.0,0.15541864067788833
17031010400,42.0054401,-87.6571665,4730.0,1.0,6.250842551992655,42.0,14.512995775519821
17031020400,42.0084864,-87.6859115,4294.0,2.0,8.672343536419032,56.0,20.13515523083902
17031160300,41.957268799999994,-87.730897,3877.0,16.0,0.32295695954899195,17.0,0.7498305949355727
17031310700,41.855990500000004,-87.6649064,1241.0,31.0,27.726960215834495,66.0,64.37552268087987
17031071500,41.914914200000005,-87.62676259999999,5710.0,7.0,0.19509138715385477,15.0,0.45295661409702437
17031071700,41.9128656,-87.6410697,1813.0,7.0,5.242407264825783,15.0,12.171644679118836
17031071800,41.914586,-87.6459669,2670.0,7.0,6.866837222017982,15.0,15.943191460255218
17031670500,41.786578000000006,-87.67640390000001,1040.0,67.0,7.925157328750371,25.0,18.40036345113484
17031670600,41.783005700000004,-87.6715777,1636.0,67.0,2.0872797919766577,25.0,4.846175943693922
17031670700,41.7830684,-87.66673109999999,1547.0,67.0,0.7872452628942193,36.0,1.8277995453652278
17031670800,41.7831441,-87.6618788,1688.0,67.0,0.8404625984106378,36.0,1.9513577631750803
17031670900,41.783213,-87.65702309999999,1496.0,67.0,1.5107976288713458,20.0,3.5077190671656786
17031671100,41.7767815,-87.6617115,1486.0,67.0,0.5559925581059701,20.0,1.2908848015120962
17031671200,41.776699799999996,-87.6665833,1063.0,67.0,0.0,0.0,0.0
17031671300,41.7739014,-87.67134890000001,2190.0,67.0,0.5021374164399621,30.0,1.1658457468586343
17031671400,41.7737925,-87.6762295,1864.0,67.0,2.0121852643255926,37.0,4.671823997776304
17031671500,41.7681724,-87.66963249999999,3254.0,67.0,0.4298084243115785,25.0,0.9979147282038435
17031671600,41.7695,-87.66151190000001,2291.0,67.0,0.7872923835790138,8.0,1.8279089485846618
17031230500,41.9117237,-87.73394959999999,3710.0,23.0,5.983573662676753,28.0,13.89245986707128
17031230600,41.9061891,-87.7339953,6933.0,23.0,3.0456445926480322,22.0,7.071275070389521
17031240600,41.91216179999999,-87.68971040000001,1340.0,24.0,26.470229133292257,76.0,61.45768676673007
17031241000,41.9079977,-87.6945342,2036.0,24.0,28.561609338529944,76.0,66.31338291187528
17031191000,41.9192298,-87.743801,2901.0,19.0,0.490472718353695,28.0,1.1387630435845384
17031080300,41.9074905,-87.6357996,4480.0,8.0,4.483753355594787,35.0,10.410227576037084
17031300800,41.8481109,-87.70758190000001,4674.0,30.0,21.08290407862672,71.0,48.949576842446554
17031650200,41.782222600000004,-87.7302269,7628.0,65.0,1.659510270939001,15.0,3.8529950724629574
17031660500,41.7752435,-87.7079434,5702.0,66.0,9.669583976703084,37.0,22.450514508670498
17031221400,41.92080120000001,-87.6945317,2799.0,22.0,4.219311611186198,38.0,9.796255637446261
17031161000,41.9499768,-87.7306832,1726.0,16.0,3.0470333065243462,10.0,7.074499339510479
17031340600,41.8274174,-87.63253909999999,1066.0,34.0,1.9400372570790778,19.0,4.504313183726596
17031670100,41.79049379999999,-87.6572084,1601.0,67.0,1.2523946512043396,30.0,2.9077677338742154
17031240500,41.911970200000006,-87.68363690000001,2154.0,24.0,21.634191755884384,57.0,50.229538010015254
17031240700,41.9121161,-87.6945971,1427.0,24.0,20.700057453753637,76.0,48.06069643900657
17031240800,41.9121064,-87.6994836,1816.0,24.0,16.445709614372454,78.0,38.18309486658361
17031240900,41.904742299999995,-87.70188399999999,1236.0,24.0,32.750033972990444,72.0,76.0379262067037
17031241100,41.906666799999996,-87.689581,4015.0,24.0,42.36520713527801,72.0,98.36211151844006
17031190300,41.9349863,-87.76146329999999,5445.0,19.0,3.9550540726391157,25.0,9.182711381822594
17031190800,41.9278189,-87.7513629,6881.0,19.0,2.7529372703374895,8.0,6.391677064709084
17031190900,41.9279225,-87.7441045,1864.0,19.0,0.7370957017882382,15.0,1.7113639828916123
17031191100,41.9196291,-87.75097579999999,7936.0,19.0,2.645636777780431,8.0,6.142550393826074
17031191200,41.920143599999996,-87.76082770000001,3975.0,19.0,7.349711363091416,8.0,17.064312382949474
17031080100,41.9075536,-87.6267896,6657.0,8.0,4.976553228341045,45.0,11.55439372833654
17031080400,41.9074116,-87.640902,4907.0,8.0,5.078072529133065,21.0,11.790097822828354
17031081000,41.9002652,-87.63210809999998,7427.0,8.0,15.143035273254636,45.0,35.15858944155188
17031150600,41.949472899999996,-87.7717574,3868.0,15.0,13.669489382387843,18.0,31.737360205444016
17031301600,41.8407576,-87.71225279999999,4513.0,30.0,16.404069705969096,41.0,38.08641672924062
17031821402,41.6622753,-87.65213229999999,4716.0,53.0,0.0,0.0,0.0
17031750300,41.6953913,-87.6861729,2657.0,75.0,0.0,0.0,0.0
17031750100,41.6958342,-87.6520277,4411.0,75.0,0.060317876466987386,8.0,0.14004401471840863
17031740200,41.7047146,-87.7127053,6307.0,74.0,0.0,0.0,0.0
17031650400,41.7653247,-87.7171801,7284.0,65.0,0.0,0.0,0.0
17031650500,41.7622541,-87.7320579,4163.0,65.0,0.0,0.0,0.0
17031660600,41.777286700000005,-87.6933397,6164.0,66.0,24.374839249333466,43.0,56.59268108453341
17031020500,42.0013131,-87.68419859999999,6004.0,2.0,2.391943261069419,42.0,5.553533328417832
17031221100,41.921021,-87.71036190000001,4810.0,22.0,6.219920855817463,44.0,14.441202822453134
17031221300,41.921125200000006,-87.699753,2762.0,22.0,5.076274720116756,45.0,11.785923730385317
17031221500,41.9216472,-87.68995190000001,2574.0,22.0,3.854274990299777,52.0,8.948725901611558
17031221600,41.9212507,-87.6850983,3118.0,22.0,2.1779102789473033,57.0,5.05659875687436
17031160800,41.950213,-87.71281440000001,5388.0,16.0,0.8062050315509185,25.0,1.8718196978695958
17031160900,41.9500821,-87.72260820000001,2272.0,16.0,0.30733958415010454,17.0,0.713570698561042
17031161100,41.9498772,-87.7381513,2026.0,16.0,1.5775868701897,10.0,3.6627880789094553
17031161200,41.9425489,-87.73857,2664.0,16.0,4.725276956554062,10.0,10.970988940805885
17031161300,41.9426994,-87.73100229999999,3943.0,16.0,9.017341512809503,18.0,20.936159916570816
17031330200,41.86134129999999,-87.6305353,3756.0,33.0,4.437731346365167,34.0,10.303375224538089
17031420600,41.78301389999999,-87.6132786,2056.0,42.0,2.5668970970697744,37.0,5.959735254264569
17031420700,41.7766912,-87.6106927,3050.0,42.0,1.8197582134903048,31.0,4.225053350037303
17031661000,41.7618185,-87.68504449999999,5717.0,66.0,1.71629036818397,18.0,3.9848251904983494
17031823304,41.6814162,-87.70276949999999,4073.0,75.0,0.0,0.0,0.0
17031640400,41.7811783,-87.7912475,3653.0,64.0,0.10244322287173446,8.0,0.2378492256686527
17031640500,41.7756823,-87.7909877,3183.0,64.0,0.0,0.0,0.0
17031640700,41.776410799999994,-87.75193440000001,3235.0,64.0,0.0,0.0,0.0
17031640800,41.7748237,-87.7397411,1772.0,64.0,0.0,0.0,0.0
17031650100,41.7823762,-87.7178562,4510.0,65.0,3.70454184117994,15.0,8.601080517400314
17031010100,42.0212614,-87.6698437,4189.0,1.0,15.009718500573262,36.0,34.84905904742702
17031020100,42.015719399999995,-87.68711479999999,3990.0,2.0,13.503129584244684,36.0,31.3511116273386
17031151200,41.942169299999996,-87.7714961,3680.0,15.0,14.754718921815805,18.0,34.25700961113358
17031310800,41.855933799999995,-87.66857390000001,4734.0,31.0,29.279147261832673,84.0,67.97933830317659
17031660400,41.782531799999994,-87.7080435,5975.0,66.0,7.1114098561677235,33.0,16.51103196762673
17031670400,41.790299600000004,-87.6717697,1858.0,67.0,5.735504023298898,31.0,13.316500130702966
17031340400,41.8418854,-87.6320359,1740.0,34.0,5.200813249255982,54.0,12.075073094211616
17031420800,41.7769101,-87.6032575,2292.0,42.0,4.697472856768913,29.0,10.90643431807021
17031421200,41.7706572,-87.6089667,1707.0,42.0,2.6888566087554935,21.0,6.242896742201112
17031661100,41.7607874,-87.70268809999999,6029.0,66.0,1.6306346873528188,32.0,3.7859527147141865
17031222500,41.915707299999994,-87.6995958,1424.0,22.0,10.578252528882375,61.0,24.560230558856695
17031222800,41.9154354,-87.7150963,1014.0,22.0,11.706291054514539,41.0,27.17927242736518
17031230300,41.9118164,-87.71498709999999,1170.0,23.0,12.428388630426674,51.0,28.855814266574548
17031351500,41.8272749,-87.62774759999999,415.0,35.0,10.736808306951515,42.0,24.9283600259104
17031381500,41.810192,-87.6228605,250.0,38.0,11.641465017802023,70.0,27.028761517975454
17031190200,41.9351134,-87.7516483,5694.0,19.0,0.23110748374511392,8.0,0.5365775745246759
17031390600,41.806018,-87.5943501,1976.0,39.0,8.589469408938049,52.0,19.942740871970237
17031010300,42.0159406,-87.6665349,6213.0,1.0,13.20285438861563,37.0,30.653942788192488
17031010600,42.0062785,-87.66768309999999,6513.0,1.0,15.701527198185413,58.0,36.4552771888058
17031020200,42.0156904,-87.6995194,6255.0,2.0,1.8803142465437983,30.0,4.3656503086996885
17031150800,41.9497083,-87.75211759999999,5451.0,15.0,0.8666935838283394,18.0,2.0122599819381284
17031151100,41.94229,-87.76171690000001,5391.0,15.0,10.476461387711144,25.0,24.323895314525114
17031160100,41.964628000000005,-87.7427941,2626.0,16.0,0.0,0.0,0.0
17031160200,41.9587909,-87.73840190000001,3822.0,16.0,0.0,0.0,0.0
17031160400,41.9573655,-87.7228233,5090.0,16.0,1.3425217529621005,25.0,3.1170218042160225
17031310600,41.8563349,-87.6595659,5141.0,31.0,21.77395386429852,60.0,50.554032967634285
17031310900,41.855771600000004,-87.67467409999999,5065.0,31.0,16.11089468531743,104.0,37.40573283729885
17031320400,41.8777215,-87.617367,2523.0,32.0,0.10560688036623245,10.0,0.24519449912114177
17031320600,41.8711374,-87.61688170000001,4451.0,32.0,0.0,0.0,0.0
17031740300,41.6950695,-87.7107235,4436.0,74.0,0.0,0.0,0.0
17031660700,41.7738453,-87.6810954,2677.0,66.0,7.630713101966976,37.0,17.716732759129748
17031221200,41.921083200000005,-87.7046502,3065.0,22.0,3.996446867033244,40.0,9.278815778179123
17031160700,41.950419000000004,-87.7019832,6008.0,16.0,0.6723245058784999,10.0,1.5609804010313177
17031222200,41.915909899999996,-87.68382700000001,1964.0,22.0,8.181033942659163,57.0,18.994449158113465
17031330100,41.8593899,-87.6152944,17582.0,33.0,0.3388408365391212,18.0,0.786709245731718
17031340300,41.8428079,-87.6357897,1734.0,34.0,4.058187204983677,54.0,9.422162416076468
17031340500,41.834518,-87.63291650000001,1688.0,34.0,7.652350566555966,54.0,17.766969895893475
17031350400,41.8419282,-87.6283676,1379.0,35.0,17.516462215811558,54.0,40.669132205079485
17031750500,41.684616,-87.6712331,6369.0,75.0,0.0,0.0,0.0
17031750400,41.6856567,-87.6850709,3187.0,75.0,0.0,0.0,0.0
17031750200,41.6956651,-87.6714255,2875.0,75.0,0.0,0.0,0.0
17031430200,41.769731400000005,-87.5813483,4927.0,43.0,0.31094117582164005,22.0,0.7219327528408255
17031660800,41.773641299999994,-87.69326579999999,6517.0,66.0,27.437601730807025,43.0,63.70369989285015
17031660900,41.768104,-87.69799859999999,4357.0,66.0,14.995318006719774,37.0,34.81562446565301
17031670200,41.7904248,-87.66206269999999,985.0,67.0,5.455413153449473,36.0,12.666194579559217
17031670300,41.7903576,-87.6669167,1381.0,67.0,6.7391217383018205,31.0,15.646665950258132
17031222600,41.9156384,-87.70447890000001,1554.0,22.0,10.750972483167766,64.0,24.961245933350934
17031222700,41.9154902,-87.7101899,2660.0,22.0,10.656957105018307,54.0,24.742964193798553
17031222900,41.9155641,-87.720074,878.0,22.0,13.992084350933268,37.0,32.486350341855506
17031230100,41.9120282,-87.7043673,1646.0,23.0,16.491945764556338,68.0,38.29044440334023
17031230200,41.9118826,-87.710096,1972.0,23.0,13.290233283981289,61.0,30.856816165463385
17031230400,41.9118329,-87.7215416,2666.0,23.0,10.584897269780594,58.0,24.57565809455019
17031170400,41.948908,-87.8127105,3720.0,17.0,0.495007289164624,10.0,1.1492912574173806
17031380700,41.813806299999996,-87.62376850000001,1216.0,38.0,7.026018579455424,62.0,16.312773376423408
17031381900,41.8039557,-87.6138886,1293.0,38.0,29.23007113518509,74.0,67.86539500468665
17031390200,41.813041,-87.5994765,1637.0,39.0,17.493500199828674,52.0,40.61581976948618
17031171000,41.9418071,-87.7965238,7949.0,17.0,0.5651896597962092,10.0,1.3122383225562178
17031180100,41.9344789,-87.79867309999999,5918.0,18.0,0.3608937767750464,10.0,0.8379110198637102
17031390300,41.8132011,-87.6042099,2909.0,39.0,22.79532541322377,69.0,52.92541904103057
17031390500,41.805978100000004,-87.5991986,1643.0,39.0,23.100845790639205,57.0,53.63476596664653
17031390700,41.8063786,-87.5825422,6142.0,39.0,0.24351572841663316,13.0,0.5653866192256928
17031400300,41.7931041,-87.61318370000001,1329.0,40.0,19.66346957254008,62.0,45.653981597627045
17031400400,41.791126399999996,-87.61832159999999,1661.0,40.0,11.140737063111377,57.0,25.866188211950746
17031400500,41.7910414,-87.6231791,2422.0,40.0,9.726488202026477,61.0,22.582632823099065
17031400800,41.782863,-87.6205573,2839.0,40.0,2.610205200961172,51.0,6.060286551724662
17031410100,41.8014966,-87.5793225,1956.0,41.0,0.0,0.0,0.0
17031440300,41.7437381,-87.6195319,4455.0,44.0,0.0,0.0,0.0
17031440700,41.7347513,-87.6096292,1501.0,44.0,0.0,0.0,0.0
17031671800,41.761401,-87.6564479,1139.0,67.0,0.3030354536800811,15.0,0.7035775133529419
17031680500,41.7905638,-87.65235200000001,1285.0,68.0,0.9388599429656804,36.0,2.179813404790061
17031681100,41.7687666,-87.6493597,3583.0,68.0,7.536655042367953,30.0,17.498351923224828
17031200100,41.9350479,-87.73760379999999,4603.0,20.0,2.4308921094930183,18.0,5.643963453306014
17031410200,41.801668,-87.5942689,1248.0,41.0,5.9919064747612065,52.0,13.911806709608744
17031170600,41.941294299999996,-87.83070190000001,2774.0,17.0,0.0,0.0,0.0
17031380500,41.8200985,-87.6277934,820.0,38.0,5.590998599797199,39.0,12.980992303817885
17031381700,41.8055511,-87.627448,1532.0,38.0,7.946504920055393,52.0,18.44992756986769
17031430300,41.7696915,-87.5893542,2262.0,43.0,2.0863318655352883,29.0,4.8439750799984
17031430700,41.765142700000006,-87.55923100000001,2480.0,43.0,0.0,0.0,0.0
17031430800,41.7607499,-87.571298,1692.0,43.0,1.173636286621529,18.0,2.724909214727416
17031430900,41.7606411,-87.5811855,1345.0,43.0,8.121378877761147,25.0,18.855944036979473
17031431200,41.75530139999999,-87.5711849,3291.0,43.0,2.450850131323717,10.0,5.690301316419257
17031431400,41.7596848,-87.54722559999999,5850.0,43.0,0.0,0.0,0.0
17031230800,41.905865999999996,-87.71495809999999,1195.0,23.0,10.537402461803296,58.0,24.465386248506984
17031231100,41.8992549,-87.7150697,1227.0,23.0,20.304310689772922,69.0,47.14186492692555
17031170900,41.936196200000005,-87.8116065,1729.0,17.0,0.0,0.0,0.0
17031210100,41.942868299999994,-87.70133129999999,3447.0,21.0,0.0,0.0,0.0
17031420200,41.783457899999995,-87.59351529999999,1707.0,42.0,5.596301021798811,22.0,12.993303288692214
17031420300,41.7832244,-87.5986976,2275.0,42.0,8.416889424620791,22.0,19.54205047503531
17031440600,41.732691100000004,-87.61916070000001,2056.0,44.0,0.0,0.0,0.0
17031440800,41.7317123,-87.60332790000001,1777.0,44.0,0.0,0.0,0.0
17031440900,41.7286691,-87.60900579999999,2480.0,44.0,0.0,0.0,0.0
17031450300,41.741943799999994,-87.57908929999999,3716.0,45.0,0.3599032971060201,20.0,0.8356113575169543
17031671900,41.76132570000001,-87.6612804,1313.0,67.0,0.22149343654145826,22.0,0.5142560034257808
17031672000,41.7611984,-87.6711282,4148.0,67.0,0.0,0.0,0.0
17031680600,41.78328079999999,-87.65216459999999,1594.0,68.0,4.9568813934053235,30.0,11.508720324320336
17031680900,41.7764282,-87.6376322,3389.0,68.0,19.662494359633257,30.0,45.65171738113475
17031681000,41.776039600000004,-87.6495529,2873.0,68.0,10.957186998328458,30.0,25.44002785154594
17031240200,41.9124419,-87.6701822,1469.0,24.0,3.202217089867809,57.0,7.434799822742918
17031240300,41.912366399999996,-87.6750718,1402.0,24.0,5.480451723310239,57.0,12.724328288030007
17031200200,41.9278524,-87.7356285,4968.0,20.0,3.627267268578752,22.0,8.42166701651816
17031410500,41.7978267,-87.6037453,2630.0,41.0,21.616790450963318,67.0,50.189136246139846
17031410600,41.7979713,-87.5989457,2365.0,41.0,10.027188560702802,70.0,23.280788791493375
17031170100,41.9558597,-87.7948171,1871.0,17.0,8.970621741828278,10.0,20.827687525330113
17031170200,41.9493531,-87.7815193,4366.0,17.0,3.1391155112472346,28.0,7.288292702089707
17031170300,41.949124700000006,-87.79682779999999,4918.0,17.0,5.212372149662741,10.0,12.101910159995567
17031170500,41.9500781,-87.8288962,4888.0,17.0,0.0,0.0,0.0
17031351400,41.8273997,-87.6240873,1551.0,35.0,14.797662587272436,48.0,34.35671476770624
17031381200,41.8085116,-87.6139995,1946.0,38.0,23.273930649272597,74.0,54.036628563769874
17031381400,41.8076205,-87.6214304,1746.0,38.0,15.785559503593467,74.0,36.650380566190584
17031381800,41.8038481,-87.62119770000001,1102.0,38.0,19.21996276639588,65.0,44.6242624276996
17031390100,41.813843299999995,-87.5906302,1386.0,39.0,5.2813577957509255,26.0,12.262078710382452
17031430400,41.7621777,-87.5903215,3119.0,43.0,8.547580658007444,29.0,19.845484980425844
17031430500,41.76428370000001,-87.58127270000001,3661.0,43.0,6.959427741103065,25.0,16.158165010005984
17031430600,41.764385499999996,-87.57137490000001,1742.0,43.0,0.812701586472004,18.0,1.8869031803507037
17031230700,41.906339700000004,-87.7215392,5177.0,23.0,9.880156921533098,70.0,22.939415682126313
17031230900,41.906717799999996,-87.7103555,5155.0,23.0,15.318123258815001,54.0,35.56510283133033
17031231200,41.899060999999996,-87.7213146,5102.0,23.0,18.246162723691675,70.0,42.363326275746466
17031170700,41.941486299999994,-87.82216340000001,2831.0,17.0,0.0,0.0,0.0
17031170800,41.9415761,-87.8123711,3750.0,17.0,0.0,0.0,0.0
17031171100,41.9420528,-87.7812864,4257.0,17.0,3.619890757620285,18.0,8.404540481736992
17031190100,41.9352175,-87.7443886,2720.0,19.0,0.4050428805411077,10.0,0.940414922516894
17031390400,41.805925,-87.60405949999999,2524.0,39.0,30.68591861135575,78.0,71.24553265744684
17031242200,41.8995887,-87.6747175,3875.0,24.0,13.375628270423444,79.0,31.055083369792584
17031200300,41.9234797,-87.7341247,2401.0,20.0,6.64518156917677,32.0,15.428558828486386
17031210400,41.9357582,-87.73029820000001,3128.0,21.0,8.042328068804128,22.0,18.67240653033104
17031210700,41.935703000000004,-87.7038402,3978.0,21.0,0.8449552707913841,7.0,1.9617886986434168
17031210800,41.935744899999996,-87.698932,1028.0,21.0,0.9692814439851807,4.0,2.2504450215855014
17031210900,41.9354394,-87.6933374,3223.0,21.0,0.39011134816316995,4.0,0.9057473933765273
17031220300,41.928465100000004,-87.6950871,2409.0,22.0,3.2851513348158106,15.0,7.627353760322515
17031420100,41.7834164,-87.57740159999999,1224.0,42.0,0.39046308417591336,14.0,0.9065640422081982
17031420400,41.7831695,-87.6035575,1216.0,42.0,6.362787063090194,22.0,14.772904772289113
17031420500,41.783100299999994,-87.6084262,2099.0,42.0,6.2314300976274275,22.0,14.467924592579017
17031470100,41.728220799999995,-87.5964896,2618.0,47.0,0.0,0.0,0.0
17031480100,41.735247799999996,-87.5756026,2045.0,48.0,0.0,0.0,0.0
17031691000,41.7619654,-87.62001509999999,2703.0,69.0,0.35315182467541917,7.0,0.8199360161451557
17031691300,41.7546812,-87.61984749999999,2842.0,69.0,0.0,0.0,0.0
17031242300,41.8995064,-87.6796,3003.0,24.0,21.956892579219446,72.0,50.978773916513255
17031411100,41.7904493,-87.58970179999999,2246.0,41.0,2.194060355396835,22.0,5.0940954606125874
17031460400,41.7444907,-87.56369240000001,3154.0,46.0,17.676248220682353,18.0,41.04011797130036
17031681200,41.76918920000001,-87.6384973,2375.0,68.0,9.55557920709957,30.0,22.18582207306956
17031690500,41.7681653,-87.61210770000001,952.0,69.0,2.953263369809835,7.0,6.85678745761791
17031241400,41.9060239,-87.67531140000001,5238.0,24.0,15.4106467517213,57.0,35.779920761955914
17031241500,41.9083761,-87.6709377,2881.0,24.0,4.446095183864475,57.0,10.322794100839156
17031241600,41.90671,-87.6653283,3438.0,24.0,1.41408992111264,57.0,3.28318636737549
17031242000,41.899737200000004,-87.66495379999999,4786.0,24.0,5.514858562182436,39.0,12.804212928068173
17031243300,41.892477899999996,-87.6647382,2353.0,24.0,8.02523199942889,30.0,18.63271345206886
17031491200,41.6887765,-87.63743829999999,2746.0,49.0,4.940108029477871,25.0,11.469776492701547
17031710800,41.7478364,-87.64881190000001,4917.0,71.0,7.056976132284027,15.0,16.384649580260717
17031711300,41.73350429999999,-87.66728520000001,1580.0,71.0,1.795487885847411,8.0,4.168703320481765
17031010202,42.0160507,-87.6733224,2502.0,1.0,16.604666749453628,47.0,38.55215619083444
17031480200,41.7351234,-87.5898834,1157.0,48.0,0.0,0.0,0.0
17031480300,41.729194899999996,-87.58797390000001,1192.0,48.0,0.0,0.0,0.0
17031480400,41.728449600000005,-87.5756383,6106.0,48.0,0.0,0.0,0.0
17031480500,41.7275503,-87.55905,2900.0,48.0,0.0,0.0,0.0
17031691100,41.7617133,-87.6298715,3209.0,69.0,0.38327283835826864,18.0,0.8898699715595685
17031691200,41.754439,-87.6321808,2975.0,69.0,0.05072367717082038,7.0,0.11776852582285494
17031691400,41.7548453,-87.6101681,2716.0,69.0,0.49071306749395716,17.0,1.139321078126004
17031691500,41.7550432,-87.60029899999999,2124.0,69.0,3.1828266330616515,17.0,7.389779712994121
17031700100,41.7535931,-87.69530909999999,3486.0,70.0,0.0,0.0,0.0
17031410700,41.798039700000004,-87.59419759999999,1959.0,41.0,3.2976568344931647,60.0,7.656388608421567
17031410800,41.7979597,-87.58962609999999,3201.0,41.0,1.12690994651736,51.0,2.6164215715182406
17031410900,41.7978743,-87.57665909999999,2923.0,41.0,0.0,0.0,0.0
17031411000,41.7907158,-87.57687340000001,3313.0,41.0,0.0,0.0,0.0
17031411200,41.79055579999999,-87.59401740000001,1691.0,41.0,4.593748302446318,22.0,10.665610140180524
17031530600,41.6703911,-87.6189952,2872.0,53.0,0.27511845959344505,8.0,0.6387607764291486
17031460100,41.74615670000001,-87.5357425,3614.0,46.0,17.676248220682353,18.0,41.04011797130036
17031460200,41.7413869,-87.54701120000001,2626.0,46.0,17.676248220682353,18.0,41.04011797130036
17031460500,41.7468819,-87.5726043,4798.0,46.0,17.793990280850327,28.0,41.31348752230178
17031460600,41.7356329,-87.5595147,1107.0,46.0,0.0,0.0,0.0
17031460700,41.7355798,-87.5492809,2901.0,46.0,17.676248220682353,18.0,41.04011797130036
17031461000,41.727405499999996,-87.54652829999999,2034.0,46.0,9.820137900379084,10.0,22.800065539611307
17031681300,41.7611735,-87.63986240000001,2409.0,68.0,2.0849249554320743,20.0,4.840708563490483
17031681400,41.7615307,-87.6491923,2898.0,68.0,2.231770880951781,15.0,5.1816504891578345
17031690300,41.76866879999999,-87.6290135,2284.0,69.0,3.914616272471816,30.0,9.0888242589079
17031690400,41.7692585,-87.6202083,3581.0,69.0,0.8527690483103194,25.0,1.9799304642022069
17031690900,41.762142600000004,-87.61034529999999,4442.0,69.0,3.4688233547104055,17.0,8.053797271999464
17031241200,41.9067071,-87.6846858,1952.0,24.0,39.51546399112108,72.0,91.74567383528615
17031241300,41.906770200000004,-87.68102209999999,1878.0,24.0,26.872078008697528,72.0,62.390685955662605
17031242100,41.899669700000004,-87.669837,3311.0,24.0,9.822147779144423,60.0,22.804732008457396
17031243100,41.892355,-87.6745074,2594.0,24.0,9.071667632735288,85.0,21.062292472690302
17031243200,41.8924333,-87.6696249,2190.0,24.0,12.0737947917381,59.0,28.0325302308453
17031243400,41.8925575,-87.6598474,2955.0,24.0,4.799128656652233,30.0,11.142455331556366
17031243500,41.8926534,-87.6525168,3198.0,24.0,0.6337634818426705,28.0,1.4714507137488717
17031250200,41.91235089999999,-87.751073,2968.0,25.0,0.33189695441356637,8.0,0.7705871740084813
17031491000,41.6997589,-87.6280508,5536.0,49.0,10.45628519889487,25.0,24.2770509186503
17031491100,41.699757,-87.6376954,4577.0,49.0,1.6436235837250992,25.0,3.8161098969838756
17031510100,41.7131178,-87.549863,3646.0,51.0,14.730206850568628,15.0,34.200098309416965
17031510200,41.7142535,-87.5600417,2655.0,51.0,14.730206850568628,15.0,34.200098309416965
17031520200,41.7138018,-87.5397944,3987.0,52.0,14.730206850568628,15.0,34.200098309416965
17031710900,41.742147100000004,-87.6396905,2491.0,71.0,0.8700299255846872,15.0,2.0200061878956164
17031711000,41.7396437,-87.64858120000001,3445.0,71.0,3.5049825039672737,15.0,8.137750367289637
17031711100,41.7395016,-87.6583,3136.0,71.0,5.963152214494108,15.0,13.845046036257344
17031711200,41.7405562,-87.66982540000001,4928.0,71.0,5.98305452921228,15.0,13.891254560472344
17031711400,41.7336571,-87.6521236,2249.0,71.0,0.7089032537286273,15.0,1.6459077062077172
17031081402,41.8929749,-87.60892079999999,4389.0,8.0,8.974960375739538,38.0,20.837760819466368
17031061902,41.9449281,-87.6357069,4045.0,6.0,0.5970411235048589,29.0,1.3861899785774363
17031030200,41.9944415,-87.66523000000001,5274.0,77.0,22.5439301178353,49.0,52.34173790850942
17031030300,41.994387700000004,-87.67253509999999,3049.0,77.0,10.504196422748738,49.0,24.388289585055283
17031030400,41.986951899999994,-87.67207940000002,2683.0,77.0,7.101328972184858,65.0,16.48762651061195
17031030500,41.9872259,-87.66493559999999,6269.0,77.0,12.252927765115704,59.0,28.44843513714576
17031030800,41.979912299999995,-87.664188,4405.0,77.0,10.89064785016906,78.0,25.285539497678155
17031242400,41.8994219,-87.6844898,2926.0,24.0,35.97694136856305,72.0,83.5300511499259
17031242500,41.8994455,-87.689319,3928.0,24.0,40.00808422740275,72.0,92.88942291369037
17031242600,41.900560399999996,-87.6941976,5999.0,24.0,40.450818702363755,72.0,93.91734891108055
17031242700,41.897425299999995,-87.699374,1689.0,24.0,30.453969821778678,79.0,70.70700176736773
17031242800,41.8926319,-87.6903235,1515.0,24.0,7.415883376934655,62.0,17.217948336723165
17031242900,41.8921959,-87.68429029999999,1818.0,24.0,13.386322061896319,85.0,31.079911854781482
17031243000,41.8922752,-87.6793978,2398.0,24.0,8.61623428906387,76.0,20.004882669490716
17031220400,41.9284324,-87.69997009999999,2565.0,22.0,3.929770337544681,15.0,9.124008456966823
17031220500,41.928396,-87.7049098,2682.0,22.0,4.009759946547367,28.0,9.309725637952509
17031221000,41.9209601,-87.71525190000001,3254.0,22.0,9.741003180635953,35.0,22.616333211724903
17031810400,41.9875747,-87.8294384,7282.0,10.0,0.13125318337102843,10.0,0.304739221943772
17031520500,41.6931169,-87.5308704,4613.0,52.0,14.730206850568628,15.0,34.200098309416965
17031720500,41.7028351,-87.6891007,2189.0,72.0,0.12248834737596415,10.0,0.28438932083660984
17031490300,41.7253816,-87.61914770000001,2290.0,49.0,0.0,0.0,0.0
17031490400,41.72365429999999,-87.61082459999999,972.0,49.0,0.0,0.0,0.0
17031710100,41.7533917,-87.641971,1406.0,71.0,0.5698395530294519,15.0,1.323034288106359
17031710300,41.754048100000006,-87.66110479999999,1365.0,71.0,2.794345807676131,15.0,6.487818012504127
17031710600,41.7476611,-87.6609455,1803.0,71.0,8.043161482135059,15.0,18.674341521342324
17031031800,41.9670111,-87.6706203,1717.0,3.0,19.538822131250207,94.0,45.36457936523637
17031350100,41.8417493,-87.60842009999999,1989.0,35.0,1.4692690538504465,33.0,3.411299419921558
17031351100,41.8277472,-87.61420030000001,1656.0,35.0,16.06380979240484,53.0,37.29641271825132
17031251200,41.8985493,-87.7606044,4375.0,25.0,1.881192327885408,43.0,4.367689008394224
17031570100,41.8162007,-87.7189133,1296.0,57.0,0.0,0.0,0.0
17031030900,41.9797956,-87.6714465,3207.0,77.0,11.145902479971397,49.0,25.8781811029002
17031250600,41.905693400000004,-87.7706302,4450.0,25.0,0.5457420652945777,25.0,1.2670855524298568
17031560100,41.815366100000006,-87.7412503,1263.0,56.0,3.6013280215001764,8.0,8.36144214600826
17031490500,41.7179274,-87.6132066,2340.0,49.0,0.0,0.0,0.0
17031490600,41.7179514,-87.6283323,1452.0,49.0,1.3161317031725046,8.0,3.0557502751499013
17031490700,41.710731700000004,-87.62836440000001,2888.0,49.0,0.7160486494796208,25.0,1.662497645481668
17031490800,41.7106826,-87.6153369,3769.0,49.0,0.0,0.0,0.0
17031700200,41.7529903,-87.7238224,6868.0,70.0,0.0,0.0,0.0
17031710200,41.755112100000005,-87.6514277,5845.0,71.0,2.319169194084617,22.0,5.384568949946782
17031710400,41.753918799999994,-87.67093270000001,5092.0,71.0,0.5531073627467737,8.0,1.2841860520697161
17031710500,41.7475315,-87.67078719999999,4136.0,71.0,3.48236404936823,15.0,8.085235600949849
17031710700,41.74711,-87.65688370000001,2695.0,71.0,8.797721453663303,15.0,20.42625345770598
17031031900,41.9633747,-87.6701855,2355.0,3.0,16.266808885477356,94.0,37.76772917770311
17031032100,41.9581539,-87.653018,6767.0,3.0,34.36106839016197,78.0,79.77837167403898
17031251000,41.8986946,-87.7448925,1284.0,25.0,0.08120661160576581,7.0,0.18854277665385405
17031280400,41.8860096,-87.6718843,1366.0,28.0,17.8550736138228,78.0,41.45530874816221
17031320100,41.8850463,-87.6209319,10534.0,32.0,6.311880366734477,38.0,14.6547113186849
17031351000,41.8347834,-87.6059742,4022.0,35.0,2.2098418131986244,49.0,5.1307363179856305
17031360200,41.8268753,-87.6099042,1616.0,36.0,13.495005668468773,49.0,31.332249793216917
17031380100,41.820196700000004,-87.6101003,1822.0,38.0,13.397911822216368,62.0,31.10682057007308
17031231500,41.891732,-87.7186562,6965.0,23.0,30.509231161320134,50.0,70.83530568490266
17031251100,41.898624700000006,-87.7520109,4346.0,25.0,0.22057691389238387,15.0,0.5121280519978658
17031550200,,,,,,,
17031560800,41.79620560000001,-87.77216609999999,5937.0,56.0,5.1835264166452015,8.0,12.034937108292022
17031560900,41.7957701,-87.7916514,5377.0,56.0,1.4834193543438579,8.0,3.444153111175987
17031561000,41.788502,-87.7915031,4892.0,56.0,1.6080719980042346,8.0,3.733567422255335
17031561100,41.788869500000004,-87.7719094,5816.0,56.0,4.644338438565276,8.0,10.783068614885401
17031570200,41.8143802,-87.73071429999999,1878.0,57.0,1.392346707235848,15.0,3.2327037054758536
17031730400,41.7178213,-87.6526427,3801.0,73.0,4.0,8.0,9.28706532266972
17031730500,41.7142498,-87.63813909999999,4323.0,73.0,5.274083107611084,8.0,12.245188584393263
17031730600,41.710600299999996,-87.6504856,3218.0,73.0,2.5404935824554817,8.0,5.898432463021818
17031730700,41.703081899999994,-87.6500796,2259.0,73.0,0.21071455700226593,8.0,0.489229963829364
17031250300,41.9128389,-87.76083809999999,4775.0,25.0,0.3758091654262694,8.0,0.8725410670429389
17031250400,41.912908,-87.775396,5963.0,25.0,0.20826923092692406,28.0,0.4835524880801322
17031250500,41.914618700000005,-87.7967956,7663.0,25.0,6.637386974043526,10.0,15.410461599944835
17031250700,41.9058215,-87.76081040000001,5813.0,25.0,0.055990020080667335,8.0,0.12999574347668671
17031250800,41.9061818,-87.7514677,2438.0,25.0,0.0,0.0,0.0
17031500300,41.689315,-87.6053696,1565.0,50.0,9.168707899689938,31.0,21.287597297224586
17031520300,41.701123100000004,-87.5395566,6116.0,52.0,14.730206850568628,15.0,34.200098309416965
17031520600,41.6895296,-87.54040400000001,3010.0,52.0,14.730206850568628,15.0,34.200098309416965
17031560200,41.811339600000004,-87.7477803,1510.0,56.0,6.448968497409121,8.0,14.972997924819426
17031560300,41.8039074,-87.74794990000001,3174.0,56.0,6.622353139509571,15.0,15.375556549103072
17031560400,41.8040083,-87.74057629999999,1417.0,56.0,7.922246639688183,15.0,18.39360551127121
17031560700,41.7964626,-87.75752,3486.0,56.0,0.6244130983507951,21.0,1.4497413081786066
17031711500,41.7324407,-87.6386881,2523.0,71.0,0.15950218295987373,8.0,0.3703267980641911
17031720600,41.7027765,-87.677207,1709.0,72.0,0.0,0.0,0.0
17031031000,41.9724372,-87.6711096,3522.0,3.0,19.35430491036069,76.0,44.93617349434677
17031031700,41.9654462,-87.6631946,6525.0,3.0,29.81780274246902,88.0,69.22997046194753
17031580300,41.8251877,-87.7089342,2334.0,58.0,2.7923848480614115,7.0,6.483265122494873
17031050500,41.950447499999996,-87.6835074,5365.0,5.0,4.654723460443727,25.0,10.807180209026036
17031050800,41.945009000000006,-87.6809269,1427.0,5.0,0.7968811219565651,15.0,1.8501717585032391
17031051000,41.9413027,-87.6857323,1610.0,5.0,0.10244322287173446,8.0,0.2378492256686527
17031051400,41.935749,-87.6809906,2174.0,5.0,0.0,0.0,0.0
17031081900,41.897982899999995,-87.6414908,1152.0,8.0,4.968587530917527,45.0,11.535899240258333
17031252000,41.8836936,-87.7698735,6368.0,25.0,20.282868348457573,57.0,47.092080820808896
17031260300,41.8842762,-87.7331362,1483.0,26.0,3.7821802365617425,39.0,8.78133872976483
17031040300,41.9768015,-87.7019751,2656.0,4.0,25.941540869373405,71.0,60.23019615614427
17031040800,41.9631635,-87.692305,1815.0,4.0,19.519794040717063,70.0,45.32040058529962
17031050100,41.9578451,-87.676373,2406.0,5.0,12.891600134127476,70.0,29.9312831398449
17031050200,41.9577404,-87.6837165,5120.0,5.0,12.121437971239803,39.0,28.1431465608983
17031050300,41.9576779,-87.6915181,2566.0,5.0,13.680384389074073,36.0,31.762655865140506
17031380200,41.8205736,-87.61498509999998,1752.0,38.0,11.38637698042154,72.0,26.436506701429412
17031081500,41.89255870000001,-87.6262292,4400.0,8.0,22.905014438461723,38.0,53.180091326671786
17031720100,41.7275945,-87.6747275,3685.0,72.0,0.12617160679338713,10.0,0.2929409885390962
17031720200,41.713024600000004,-87.66605009999999,4344.0,72.0,0.1650663778152497,8.0,0.38324555833667595
17031720300,41.7139027,-87.677145,3672.0,72.0,0.3489140853173689,10.0,0.8100969755854902
17031720700,41.7031071,-87.6651388,3429.0,72.0,0.0,0.0,0.0
17031730100,41.725176899999994,-87.63842509999999,2548.0,73.0,2.287822185781587,8.0,5.311788521501654
17031730300,41.7274624,-87.66456409999999,983.0,73.0,0.11085718660741772,8.0,0.2573844833776188
17031031100,41.9726684,-87.66386609999999,4136.0,3.0,27.2995383204628,86.0,63.38314891521581
17031031200,41.9727096,-87.6573417,4860.0,3.0,30.467109218360257,88.0,70.73750837595612
17031031300,41.9729098,-87.64678570000001,7543.0,3.0,21.787489285575457,77.0,50.58545905302648
17031031400,41.9625704,-87.64052099999999,5260.0,3.0,12.324414456567276,67.0,28.614410530448836
17031570500,41.798601500000004,-87.7324552,2554.0,57.0,8.39283763834716,21.0,19.486207847472787
17031580100,41.8280546,-87.6907458,2996.0,58.0,2.9138415995985665,15.0,6.765259318846079
17031580200,41.8267716,-87.6993472,3382.0,58.0,4.068758263900447,22.0,9.446705944748924
17031580400,41.815275299999996,-87.70918409999999,4051.0,58.0,3.433426850515602,15.0,7.97161486033664
17031580600,41.817398,-87.6920315,5824.0,58.0,1.0710007053360602,22.0,2.4866133777703343
17031530300,41.6813143,-87.6517525,4453.0,53.0,0.0,0.0,0.0
17031500100,41.7146842,-87.5950238,3314.0,50.0,0.0,0.0,0.0
17031050600,41.950547,-87.6761819,2414.0,5.0,6.723981571435679,42.0,15.611514020587638
17031050700,41.94507120000001,-87.6760598,1753.0,5.0,1.422123121769761,15.0,3.3018375821886887
17031050900,41.9449467,-87.6857782,1660.0,5.0,0.5187282995823934,18.0,1.2043659007347691
17031051100,41.9413655,-87.68082729999999,1526.0,5.0,0.18653225218375447,8.0,0.4330843027038073
17031051200,41.9414205,-87.6759504,1562.0,5.0,0.6785727856557473,38.0,1.5754874466427211
17031051300,41.9359958,-87.67584029999999,2953.0,5.0,0.5334738310578302,18.0,1.2386015792422351
17031060100,41.9575315,-87.6666119,2596.0,6.0,13.842341561442002,78.0,32.138682574954466
17031060200,41.9579037,-87.67151740000001,2126.0,6.0,13.818731371149944,78.0,32.08386523007371
17031081800,41.8932558,-87.63779609999999,7488.0,8.0,1.1252454721592977,35.0,2.6125570509954326
17031090100,42.015255100000005,-87.8135847,3262.0,9.0,0.0,0.0,0.0
17031090200,42.0055985,-87.81322409999999,6406.0,9.0,0.0,0.0,0.0
17031090300,41.9992222,-87.8166186,1325.0,9.0,0.5215356307841768,10.0,1.2108838677981018
17031100100,41.989580600000004,-87.7830337,5666.0,10.0,0.0,0.0,0.0
17031100200,41.995616399999996,-87.794246,6605.0,10.0,0.0,0.0,0.0
17031260100,41.884359499999995,-87.72333470000001,1047.0,26.0,15.062473368420573,55.0,34.97154352337372
17031260200,41.8843255,-87.72823000000001,1266.0,26.0,9.927720723937286,39.0,23.049847717106875
17031491300,41.688896899999996,-87.6278035,2343.0,49.0,18.16422563953971,31.0,42.173087512529364
17031720400,41.7099921,-87.6866692,1974.0,72.0,0.6537533342557267,10.0,1.5178624800365164
17031530400,41.6740395,-87.6515265,2017.0,53.0,0.0,0.0,0.0
17031750600,41.6886313,-87.6520496,3705.0,75.0,0.0,0.0,0.0
17031040100,41.9833306,-87.6819933,3998.0,4.0,2.7573113394623254,50.0,6.401832631131141
17031040600,41.9668334,-87.68401740000002,2684.0,4.0,12.876322105411115,67.0,29.895811127172284
17031040700,41.9668052,-87.69408440000001,3353.0,4.0,24.036919431180475,70.0,55.80811022828055
17031040900,41.963184600000005,-87.6838542,2118.0,4.0,15.713223728752833,74.0,36.482433799662864
17031980000,41.9802669,-87.90389549999999,5285.0,76.0,0.0,0.0,0.0
17031081600,41.8921057,-87.6288722,3177.0,8.0,18.701046341041266,38.0,43.41945974288095
17031081700,41.8920666,-87.63186759999999,3607.0,8.0,12.659552130102067,38.0,29.39252189700013
17031251300,41.8984251,-87.77038490000001,4735.0,25.0,7.388390203692671,43.0,17.154115612766716
17031251400,41.890998100000004,-87.77012950000001,4347.0,25.0,25.899911702878413,43.0,60.13354295900244
17031251500,41.891112,-87.76034609999999,4084.0,25.0,14.559878028021496,43.0,33.80463458408481
17031251900,41.8838195,-87.7601038,5999.0,25.0,19.652983543692876,57.0,45.6296354889072
17031260700,41.8770561,-87.72799499999999,2147.0,26.0,6.058738242658436,47.0,14.066974458131511
17031600900,41.8365098,-87.6531583,3658.0,60.0,0.0918772283597199,7.0,0.2133174553606404
17031611200,41.8049943,-87.6624419,2340.0,61.0,22.632676324954108,36.0,52.54778586417231
17031062400,41.9415552,-87.6662875,1622.0,6.0,4.142615099977078,43.0,9.618184260041271
17031062800,41.9361586,-87.6612646,3792.0,6.0,15.454334851325966,46.0,35.881354320668876
17031062900,41.9362374,-87.65641190000001,4176.0,6.0,23.505887113387356,50.0,54.5751772723322
17031063000,41.936310600000006,-87.65156230000001,3055.0,6.0,29.258089661050317,56.0,67.93044747467547
17031063100,41.9382318,-87.64677950000001,2399.0,6.0,24.7867414226041,60.0,57.54902168196192
17031063200,41.9391656,-87.6346431,6580.0,6.0,9.314184987023138,41.0,21.625361100478376
17031063400,41.9346593,-87.64672970000001,2158.0,6.0,27.750179022493196,51.0,64.42943132441832
17031271500,41.8717861,-87.7131559,1286.0,27.0,16.764326557905637,68.0,38.92284895845912
17031611600,41.7975952,-87.67674179999999,1529.0,61.0,7.8350930478806164,31.0,18.19125523621567
17031580800,41.8102195,-87.6866438,1661.0,58.0,0.46363912109814887,21.0,1.0764617009459214
17031600400,41.8417183,-87.6439319,4748.0,60.0,0.4914894026814034,25.0,1.141123547025529
17031060300,41.95060529999999,-87.67133000000001,3176.0,6.0,6.670665591829797,42.0,15.48772677425215
17031060800,41.9538476,-87.6437623,4840.0,6.0,17.733100208228628,67.0,41.17211500181682
17031061100,41.9491399,-87.65680379999999,1309.0,6.0,15.664777179802064,68.0,36.36995223347193
17031061800,41.9464907,-87.6471157,1130.0,6.0,15.682580188880054,74.0,36.411286660533776
17031110200,41.9800697,-87.7734438,3017.0,11.0,0.0,0.0,0.0
17031251600,41.8914059,-87.7518025,3689.0,25.0,2.1284734748101384,22.0,4.941818049532889
17031251700,41.8913846,-87.7444797,1805.0,25.0,0.49078058250590906,22.0,1.1394778322075685
17031251800,41.8841437,-87.7478887,5069.0,25.0,3.021557387637751,22.0,7.015350208796766
17031570300,41.804145,-87.73079129999999,6337.0,57.0,8.547632774683493,26.0,19.845605983169555
17031570400,41.8049921,-87.7191304,1933.0,57.0,5.729457697927598,26.0,13.302461976031621
17031100600,41.9792044,-87.7973997,5254.0,10.0,0.14414517565521034,10.0,0.3346714155644099
17031100700,41.9721234,-87.7976294,4749.0,10.0,0.506903249312507,10.0,1.1769108971596969
17031110100,41.9874835,-87.76969509999999,5923.0,11.0,0.0,0.0,0.0
17031260900,41.871030100000006,-87.7228148,1858.0,26.0,6.990241559681338,36.0,16.229707496500314
17031261000,41.87133789999999,-87.7320095,2594.0,26.0,0.5940120657611024,25.0,1.379157214294335
17031270500,41.8762324,-87.7177927,1929.0,27.0,13.988703584919627,58.0,32.47850099315317
17031520100,41.7203319,-87.5304964,2278.0,52.0,14.730206850568628,15.0,34.200098309416965
17031610300,41.8161779,-87.67510209999999,5717.0,61.0,1.2295467930383106,20.0,2.8547203460564647
17031610800,41.8127085,-87.63840959999999,1549.0,61.0,7.10300305138151,22.0,16.491513331325606
17031611000,41.8047713,-87.64993790000001,1188.0,61.0,7.6408109763509575,31.0,17.740177663885788
17031611400,41.8048899,-87.6721633,3544.0,61.0,15.486106709837427,31.0,35.95512115202351
17031062200,41.9425846,-87.6566438,2987.0,6.0,17.529583259160788,50.0,40.69959620175096
17031062600,41.9359756,-87.6709851,2281.0,6.0,2.2847288168842987,36.0,5.304606441747597
17031062700,41.9360864,-87.6661107,2757.0,6.0,7.18447478396855,36.0,16.68067165694734
17031120300,41.9911136,-87.7400663,6179.0,12.0,0.0,0.0,0.0
17031271800,41.8714966,-87.6984901,1230.0,27.0,14.08070430783076,99.0,32.692105174005306
17031520400,41.702990500000006,-87.5307271,3735.0,52.0,14.730206850568628,15.0,34.200098309416965
17031260500,41.8766639,-87.7377281,1837.0,26.0,0.4739606046581253,8.0,1.100425773958012
17031260600,41.8771076,-87.7328662,2592.0,26.0,2.174097611665536,25.0,5.047746634349515
17031580700,41.817487899999996,-87.6868465,6292.0,58.0,0.6390967651196108,15.0,1.4838333512931832
17031590500,41.8266631,-87.6799061,1842.0,59.0,6.847110258046383,15.0,15.897390059499672
17031590600,41.8268326,-87.67292490000001,3954.0,59.0,5.4421375735891875,8.0,12.63537178521952
17031590700,41.8267821,-87.66385179999999,3234.0,59.0,1.2240719468439296,21.0,2.842009032496768
17031600600,41.8422589,-87.6554666,2494.0,60.0,0.9978737686353901,26.0,2.31682971827387
17031600700,41.8406931,-87.6606303,2200.0,60.0,1.185361104062033,22.0,2.7521315010940004
17031060400,41.950673200000004,-87.66653640000001,4003.0,6.0,4.536960619559717,61.0,10.533762410057793
17031060500,41.9527204,-87.6605015,1235.0,6.0,13.426133716079718,68.0,31.172345213032678
17031060900,41.9506903,-87.64047099999999,6758.0,6.0,6.546817006416206,67.0,15.200179298538085
17031061000,41.949220700000005,-87.65197059999998,1716.0,6.0,19.504902338147144,78.0,45.285825531666475
17031061200,41.949060100000004,-87.66164300000001,2235.0,6.0,7.261999850624846,61.0,16.860666746492676
17031061500,41.9452805,-87.661542,1859.0,6.0,5.821089275106572,57.0,13.515209086751717
17031062000,41.942577,-87.64707879999999,2897.0,6.0,16.179072316978623,60.0,37.56402536699445
17031062100,41.942691499999995,-87.6517705,3372.0,6.0,21.986054892154375,60.0,51.046481992809966
17031260400,41.8842143,-87.73804059999999,1567.0,26.0,1.1440383099754747,39.0,2.656189629094726
17031100300,41.9887029,-87.8044057,6029.0,10.0,2.1500771137189236,10.0,4.991976650971204
17031100400,41.9889676,-87.81804179999999,3027.0,10.0,4.650570548417856,10.0,10.797538117710143
17031100500,41.9780599,-87.8197322,5156.0,10.0,0.10150800885992628,10.0,0.235677877264068
17031260800,41.8770847,-87.723096,2494.0,26.0,11.545799636027,65.0,26.80664885555976
17031271200,41.8773592,-87.703561,1104.0,27.0,13.096593068115114,79.0,30.407228832002133
17031610400,41.810399,-87.6674502,1897.0,61.0,17.35431138552889,36.0,40.292655866839425
17031611100,41.805059299999996,-87.6575823,2658.0,61.0,17.67839997247608,36.0,41.04511383616698
17031611300,41.8049365,-87.6673042,2768.0,61.0,21.504375403894393,36.0,49.92813477479482
17031062300,41.941627399999994,-87.66144240000001,1716.0,6.0,11.282990864499556,50.0,26.19646829842327
17031062500,41.941488,-87.6711071,1342.0,6.0,1.7435617038439037,43.0,4.048142859425913
17031070700,41.9292623,-87.67380209999999,3983.0,7.0,0.5929925215253053,8.0,1.3767900708150351
17031071100,41.9217778,-87.6510615,2932.0,7.0,5.41230876718695,40.0,12.566116266830807
17031071300,41.9217796,-87.6414582,3414.0,7.0,1.4747194609985426,46.0,3.423953991726437
17031120400,41.9772359,-87.7521627,3754.0,12.0,0.0,0.0,0.0
17031130100,41.9911042,-87.7208088,5158.0,13.0,0.11376971731402064,5.0,0.2641466991092445
17031130200,41.980850700000005,-87.73606600000001,1598.0,13.0,0.0,0.0,0.0
17031140100,41.9710836,-87.7057923,4079.0,14.0,20.327201961587832,60.0,47.19501311109157
17031140200,41.9706951,-87.7130047,5895.0,14.0,20.715634265536256,60.0,48.09686215614259
17031140400,41.9715375,-87.73894399999999,7186.0,14.0,0.0,0.0,0.0
17031292400,41.8552404,-87.72240009999999,2124.0,29.0,15.973362199293076,37.0,37.08641454187452
17031292500,41.855161100000004,-87.7322429,4276.0,29.0,5.579669895139156,32.0,12.954689698772762
17031300600,41.8479902,-87.71733370000001,3398.0,30.0,17.601093773422203,51.0,40.86562690605182
17031300700,41.8480718,-87.7124498,4694.0,30.0,18.173754644517548,71.0,42.19521163545167
17031282700,41.8713668,-87.6886809,2402.0,28.0,14.180012540639478,105.0,32.922675685298664
17031282800,41.870268100000004,-87.68491340000001,1565.0,28.0,23.69653327668632,110.0,55.017813115350656
17031283100,41.869273799999995,-87.6640461,2758.0,28.0,28.954095107037602,96.0,67.22464315446248
17031283200,41.869572399999996,-87.6591987,1481.0,28.0,15.264942136467756,95.0,35.44162869203738
17031283800,41.863414,-87.65375429999999,3367.0,28.0,3.5016484427627983,44.0,8.130009456240703
17031290900,41.8624104,-87.732457,3449.0,29.0,1.7427428210785143,19.0,4.046241604992468
17031291600,41.8576408,-87.69221440000001,804.0,29.0,40.15672767564272,84.0,93.23453826708824
17031630200,41.8027457,-87.6940462,2217.0,63.0,1.0869831760727537,8.0,2.523720940207667
17031630800,41.7899651,-87.69857209999999,7456.0,63.0,2.202750754981418,38.0,5.114272537768118
17031271300,41.8773047,-87.7084543,1169.0,27.0,16.84281559107789,69.0,39.1050821530051
17031280900,41.8786314,-87.6851291,790.0,28.0,18.880675275926944,88.0,43.83651615591217
17031611700,41.797599700000006,-87.6719773,1335.0,61.0,13.819870792758977,36.0,32.086510700801995
17031612100,41.7979125,-87.6476801,1068.0,61.0,1.5290939693179109,45.0,3.5501988943889415
17031070300,41.9290468,-87.6513113,3383.0,7.0,13.987124832790823,50.0,32.47483549961604
17031070600,41.9287626,-87.6656762,3083.0,7.0,2.2627252965655957,25.0,5.2535194091154755
17031300500,41.8474253,-87.7219395,3015.0,30.0,14.323444007477212,34.0,33.25569003576076
17031291200,41.862661200000005,-87.7128747,2368.0,29.0,15.689418260492603,81.0,36.427163064970486
17031620300,41.78950220000001,-87.7304431,7050.0,62.0,7.935582136890589,15.0,18.424567419678468
17031620400,41.789638200000006,-87.71816820000001,4907.0,62.0,7.331649618852818,21.0,17.02237723330317
17031630100,41.7992713,-87.6816683,1135.0,63.0,1.842793131697813,25.0,4.278535047561173
17031630300,41.7988621,-87.70863790000001,5332.0,63.0,2.1539493089889277,21.0,5.00096698357487
17031630400,41.7972546,-87.6987812,6835.0,63.0,1.4909420995717815,15.0,3.4616191677603694
17031630500,41.79742720000001,-87.68901600000001,6663.0,63.0,1.4824416855137874,25.0,3.441883192603787
17031110300,41.9752907,-87.78323459999999,5314.0,11.0,0.0,0.0,0.0
17031110400,41.9729532,-87.7726109,4439.0,11.0,0.0,0.0,0.0
17031120100,42.001982299999995,-87.7750075,3993.0,12.0,0.0,0.0,0.0
17031120200,41.9945294,-87.7576156,4552.0,12.0,0.0,0.0,0.0
17031271400,41.87724229999999,-87.71333,1151.0,27.0,18.27384264285681,53.0,42.42759258009967
17031280100,41.8852961,-87.642804,6524.0,28.0,0.21035576971121295,20.0,0.4883969435771259
17031280800,41.8785974,-87.68890209999999,850.0,28.0,16.94064278900272,88.0,39.332214047370506
17031281900,41.8792477,-87.6426231,4820.0,28.0,0.2539516465699926,10.0,0.5896163826237638
17031550100,41.6650328,-87.5353298,6759.0,55.0,0.0,0.0,0.0
17031611500,41.8054484,-87.6786555,2978.0,61.0,2.6865986735710434,31.0,6.237654344313026
17031611800,41.797647399999995,-87.6671129,2443.0,61.0,17.08196271139212,31.0,39.66032588502675
17031611900,41.797743200000006,-87.65982290000001,2154.0,61.0,14.148374561260301,36.0,32.84921969000575
17031612000,41.797847,-87.6525365,1586.0,61.0,2.8479141938572434,40.0,6.612191287927624
17031620100,41.7980178,-87.71802590000001,4765.0,62.0,3.022772070344308,21.0,7.018170418207295
17031620200,41.7955212,-87.7292333,2443.0,62.0,9.15457776874854,15.0,21.254790434956927
17031070200,41.9290777,-87.6462928,3937.0,7.0,11.941296953540592,50.0,27.7249012112321
17031070400,41.9289673,-87.65615629999999,3440.0,7.0,9.124971762965941,46.0,21.186052207545345
17031070500,41.9289458,-87.6608928,3022.0,7.0,4.097379680266842,36.0,9.513158185604434
17031071000,41.921701,-87.655911,4277.0,7.0,7.417678397267274,36.0,17.222115954494303
17031071200,41.921854499999995,-87.64621,2016.0,7.0,3.2351102097125133,50.0,7.511169960908963
17031130300,41.9865589,-87.7133913,5260.0,13.0,1.1221834175793788,53.0,2.6054476757691107
17031292200,41.8566511,-87.7157054,2866.0,29.0,14.414162176728418,71.0,33.466316426708
17031630900,41.78981160000001,-87.7083658,5188.0,63.0,2.0965207728852167,31.0,4.867631342029754
