geoid10,lat,lon,population,lower_areal_unit,access_Federall,access_sd_Federall,access_time_Federall
17031842400,41.7424751,-87.6300402,5157,44,0.0,0.0,0.0
17031840300,41.83209420000001,-87.6818817,5881,59,10.731206547387455,21.577185344620524,8.75
17031841100,41.8510057,-87.6350976,3363,34,3.3984164027624275,6.8331795009998615,22.216666666666665
17031841200,41.8555619,-87.6833421,3710,31,39.25714682033412,78.93415612707115,11.1
17031838200,41.8704157,-87.67507940000002,3296,28,13.61603650372044,27.377699050198622,9.216666666666667
17031650301,41.774927399999996,-87.7299913,5744,65,0.37979106122837947,0.7636440584912533,27.566666666666666
17031530503,41.6635979,-87.637412,5147,53,0.0,0.0,0.0
17031760803,41.9753463,-87.8441545,7343,76,0.0,0.0,0.0
17031540102,41.6673324,-87.60544909999999,3268,54,4.980000106665981,10.0132622406678,20.85
17031540101,41.650219899999996,-87.5997933,3922,54,4.6207299402590625,9.290879446606118,21.15
17031440201,41.7482101,-87.6100747,5343,44,0.0,0.0,0.0
17031839000,41.871043799999995,-87.6314037,5898,32,0.0,0.0,0.0
17031030601,41.988887,-87.6549376,3538,77,7.223807096518567,14.524874153439256,19.333333333333332
17031030604,41.98591939999999,-87.6527318,2961,77,2.3261621356243123,4.677203007915591,25.366666666666667
17031020801,41.9868083,-87.6944152,4512,2,23.54213673801724,47.3360610068833,10.0
17031843300,41.8637638,-87.6925502,3652,29,25.6812679335686,51.63720180396434,3.4
17031080202,41.905859299999996,-87.63089959999999,3533,8,16.436658432804194,33.049109984485234,14.083333333333334
17031070102,41.9305829,-87.6422022,2656,7,26.08290311104041,52.44476772182831,11.133333333333333
17031031501,41.9672843,-87.65244809999999,3430,3,43.18907797298629,86.8400711673252,5.35
17031031502,41.9636328,-87.6523659,4386,3,44.33766633162031,89.14953225070668,3.1
17031834900,41.772294099999996,-87.656734,3335,67,10.760126979712688,21.635335518673415,15.95
17031834800,41.7836301,-87.6450875,5554,68,16.9984070009251,34.17861512613874,9.15
17031160502,41.9555843,-87.713088,4568,16,3.879351629339387,7.8001936458477665,21.783333333333335
17031140702,41.9635485,-87.71357590000001,6252,14,10.591259783379048,21.29579505993493,13.616666666666667
17031842000,41.834960200000005,-87.62517079999999,7989,35,17.866670559266602,35.92442848306042,4.8
17031150402,41.9567979,-87.77204350000001,3695,15,7.150421057009897,14.377317197080819,18.916666666666668
17031834400,41.776944799999995,-87.59630959999998,4342,42,0.0,0.0,0.0
17031040201,41.9725805,-87.6940005,6195,4,36.446114503724175,73.28202698042108,8.133333333333333
17031040202,41.979855,-87.6940963,6691,4,33.05010993179424,66.45369693606551,9.733333333333333
17031020702,41.9952892,-87.7053885,8232,2,3.2739298293223937,6.582874947064473,22.333333333333332
17031020802,41.994059,-87.6946301,7942,2,10.401293615486823,20.913831000654408,8.8
17031020301,42.0068653,-87.7051864,5239,2,1.1670601537690917,2.346602232936018,25.05
17031838700,41.8625779,-87.7201859,5504,29,28.839297859731698,57.987037373690534,6.216666666666667
17031841500,41.8616224,-87.70791290000001,5079,29,31.972146931060607,64.28624191982267,16.05
17031838600,41.8678237,-87.7008245,2361,29,20.947404133080436,42.118844649223895,15.983333333333333
17031837300,41.871618700000006,-87.7055517,4802,27,11.53849429135613,23.200394925121365,12.65
17031837800,41.884750200000006,-87.6841277,4698,28,10.706574145850508,21.52765709343099,7.166666666666667
17031837400,41.8759749,-87.6938017,4542,27,11.327489956630078,22.77612952506616,14.95
17031836900,41.8818825,-87.706135,6468,27,28.76700074688083,57.84166991692082,15.833333333333334
17031020601,42.000874700000004,-87.7018025,6697,2,1.4223241279476517,2.8598602769717214,24.883333333333333
17031020602,42.001315600000005,-87.6936373,4102,2,12.27637562591061,24.684049372336723,17.233333333333334
17031020302,42.0085408,-87.6949637,4651,2,10.380144177630319,20.871305927770088,12.95
17031020902,41.9942499,-87.6786969,4195,2,15.365268863838622,30.894872135853824,16.166666666666668
17031010701,42.0091486,-87.6786213,3946,1,35.36650974993842,71.11127089921978,12.683333333333334
17031030103,41.995380600000004,-87.6546958,2238,77,10.059033971104395,20.225651181338424,11.683333333333334
17031030102,41.9933961,-87.6551308,2956,77,9.4353433495045,18.97159945094481,14.966666666666667
17031010502,42.0045171,-87.66332740000001,3690,1,21.057881956223326,42.34098187637518,9.9
17031010503,42.000320200000004,-87.6631272,2228,1,18.519727573396786,37.237527077544364,3.4
17031010702,42.0090199,-87.6727255,5274,1,38.97508316777046,78.36701209872064,9.966666666666667
17031837100,41.8856734,-87.6987204,2744,27,16.743617384596632,33.66631087114865,18.316666666666666
17031837000,41.8783238,-87.6986748,6052,27,10.483256127246358,21.078632628480374,16.733333333333334
17031010201,42.0160078,-87.6801489,7083,1,33.69561857052615,67.75161804847416,7.816666666666666
17031020901,41.9942356,-87.68608499999999,5013,2,10.510617290846614,21.133647588414302,8.666666666666666
17031040401,41.9720665,-87.6860812,2836,4,33.21099872619085,66.77719526043738,15.533333333333333
17031210602,41.93416679999999,-87.71257270000001,4126,21,1.1344751715596635,2.2810837660721814,25.116666666666667
17031160501,41.9592099,-87.7129733,4498,16,8.808537407901575,17.71128376161831,17.016666666666666
17031191302,41.9202287,-87.7705328,5088,19,9.180392747125927,18.458971502078768,15.8
17031190602,41.9275605,-87.77073730000001,5265,19,9.702125786764613,19.50801761324852,15.45
17031840200,41.8445752,-87.6491923,7491,60,0.0,0.0,0.0
17031530501,41.6742779,-87.6321658,5192,53,0.0,0.0,0.0
17031831400,41.8691184,-87.756088,3716,25,9.227277978633401,18.55324341136454,15.666666666666666
17031831300,41.9077665,-87.7442598,3310,25,1.8182969567174345,3.6560409375591694,23.966666666666665
17031833000,41.8852883,-87.6572426,5421,28,0.7229223842797372,1.453576557910574,26.15
17031760801,41.9834847,-87.8448472,4399,76,0.0,0.0,0.0
17031020701,41.9868914,-87.7036893,1893,2,20.66802193602865,41.557092210562544,18.9
17031010501,42.00941160000001,-87.6639579,3831,1,28.285627677197308,56.87377540304633,7.133333333333334
17031252101,41.875487799999995,-87.7695728,1787,25,23.785577444966034,47.825546064417516,9.783333333333333
17031252102,41.8765925,-87.7598119,5888,25,25.53073822998533,51.33453245362202,12.183333333333334
17031252202,41.8767584,-87.74458320000001,4871,25,0.7487529619902067,1.5055139761641732,27.016666666666666
17031220601,41.925825,-87.71288320000001,1596,22,9.51589542937025,19.13356513015179,15.716666666666667
17031210502,41.933784700000004,-87.7220526,4909,21,9.249787945824464,18.598504094032243,15.6
17031220602,41.9293312,-87.71198129999999,4690,22,6.778699261136105,13.629897971592456,19.283333333333335
17031220901,41.9191817,-87.7212485,3297,22,19.526383371780998,39.26160504529731,12.3
17031220902,41.9227111,-87.7218355,3325,22,15.915921986570812,32.00206771887791,7.016666666666667
17031200401,41.919828700000004,-87.73754240000001,3814,20,8.42289505396045,16.935874537037765,19.133333333333333
17031200402,41.9196351,-87.7296796,4033,20,19.248003897916206,38.70186877732091,13.533333333333333
17031191301,41.920152,-87.780265,5941,19,1.1670601537690917,2.346602232936018,25.05
17031190601,41.9274146,-87.7804607,4777,19,1.2520907224903988,2.517572788125342,24.883333333333333
17031190701,41.929796100000004,-87.761422,3072,19,10.19127970281713,20.491557037460016,9.133333333333333
17031190702,41.9261628,-87.761039,5090,19,9.996338129370322,20.09958895418258,4.35
17031190401,41.9347278,-87.78095259999999,4183,19,0.5274996390066344,1.0606409847583766,26.85
17031190402,41.934859499999995,-87.7712315,4642,19,9.75561494591433,19.615568008053128,17.533333333333335
17031832100,41.952821899999996,-87.6532421,4622,6,27.328024598132057,54.9483275018874,5.166666666666667
17031843800,41.801656799999996,-87.6404755,6713,61,15.536278059110915,31.238719501546637,13.466666666666667
17031842800,41.8075338,-87.69830440000001,8507,58,9.960101348510058,20.026727833351327,9.333333333333334
17031980100,41.7859902,-87.7509615,7363,56,0.0,0.0,0.0
17031833300,41.8716917,-87.6541256,5349,28,3.8984625461719946,7.838619874322811,23.8
17031832900,41.8741749,-87.66189,3872,28,9.518082233592263,19.137962126873678,20.15
17031838000,41.877364299999996,-87.6806501,2319,28,12.014302244649517,24.15709968626077,11.366666666666667
17031838100,41.878665000000005,-87.6716801,5269,28,15.03051637702324,30.221786922118316,19.1
17031833100,41.879076500000004,-87.6570448,5830,28,0.0,0.0,0.0
17031839100,41.881026899999995,-87.6327464,5729,32,1.314726763849623,2.643514774955362,24.766666666666666
17031030706,41.980235,-87.65160490000001,3460,77,14.888696529908449,29.936630438247768,17.916666666666668
17031150401,41.9645676,-87.77226479999999,4805,15,0.18271003577129186,0.36737418935610666,29.133333333333333
17031150501,41.9644763,-87.78196390000001,3743,15,0.0,0.0,0.0
17031842900,41.8631386,-87.672938,6834,28,25.017329832229763,50.30222465981169,8.216666666666667
17031841900,41.8678924,-87.6429689,2992,28,0.7061431431224074,1.4198386184910845,26.633333333333333
17031843000,41.8679347,-87.722752,5326,29,26.430439897173308,53.143558264657706,12.9
17031842100,41.895278499999996,-87.73361009999999,7838,23,1.5531389854540756,3.1228890812149315,25.816666666666666
17031080201,41.90949929999999,-87.6310071,3235,8,11.783760838446442,23.693551190638512,18.883333333333333
17031070101,41.9304641,-87.6325582,3988,7,2.8572552599819314,5.745069396370093,22.95
17031063301,41.934540999999996,-87.6430244,2626,6,29.072241480468275,58.45541599051099,6.316666666666666
17031063303,41.9347305,-87.63466,1157,6,14.999931692003518,30.16029044318436,14.95
17031081201,41.899154700000004,-87.62621390000001,4552,8,10.242438028840624,20.5944208373184,7.05
17031081202,41.9061375,-87.6218104,3221,8,7.123779253407104,14.323748650830781,19.116666666666667
17031040402,41.972545200000006,-87.6788184,4701,4,19.32278470685947,38.852230189867036,16.55
17031220702,41.9293686,-87.7242312,4426,22,10.531259908012052,21.175153599374934,7.5
17031842200,41.9049338,-87.6498855,7962,8,12.649444599178317,25.4341773609257,9.15
17031842300,41.9022009,-87.65606640000001,6138,24,7.659809615882461,15.40154232020067,18.933333333333334
17031843700,41.9448264,-87.6907877,5594,5,0.2988667980363613,0.6009300320618461,28.083333333333332
17031835000,41.7828495,-87.68604930000001,4182,66,14.729875548677159,29.61728985585293,8.266666666666667
17031835100,41.7901577,-87.6862483,5174,63,9.98480722570837,20.076403821699458,7.316666666666666
17031834700,41.790690399999995,-87.64503359999999,2785,68,12.92224941783919,25.98270469652006,18.2
17031151001,41.9423823,-87.754352,2538,15,6.565596258223502,13.201412789517578,19.483333333333334
17031151002,41.942492200000004,-87.7471564,4685,15,0.5040237716605667,1.0134381712988643,26.95
17031160602,41.956093,-87.70063490000001,3983,16,3.466402126981505,6.969878069402722,24.3
17031140601,41.9646474,-87.72589140000001,2969,14,2.7051722124831046,5.439276744894587,22.9
17031140701,41.967037100000006,-87.71265179999999,2385,14,17.949060862745164,36.090090269636434,8.383333333333333
17031140602,41.9646521,-87.7210165,5614,14,8.02515896219978,16.136148492042917,18.083333333333332
17031140301,41.9692055,-87.7231696,2748,14,9.271642152840503,18.642446242872868,16.4
17031841800,41.7663066,-87.5994213,3815,69,0.844009417347269,1.6970456723844167,25.8
17031842500,41.7769505,-87.6232158,2957,69,2.542153502038664,5.1114958085788045,23.233333333333334
17031842600,41.8162185,-87.6516948,9358,61,14.205267474774198,28.56246292712846,16.416666666666668
17031843500,41.8382144,-87.69675409999999,12552,30,22.734518925422645,45.71218775898527,16.716666666666665
17031843400,41.8493273,-87.7320217,4988,29,15.680728511463418,31.529165330704874,12.383333333333333
17031843200,41.8474396,-87.6633947,6194,31,12.71575789933494,25.56751319431726,19.25
17031140302,41.972549,-87.7237901,4472,14,4.324161639899625,8.694570992758257,21.4
17031110501,41.977002399999996,-87.7619251,4636,11,0.0,0.0,0.0
17031110502,41.9702868,-87.7598508,3646,11,0.0,0.0,0.0
17031760802,41.957832200000006,-87.847217,2401,76,0.0,0.0,0.0
17031150502,41.9567782,-87.7818408,4290,15,0.27652422322823056,0.556005924452674,28.25
17031843100,41.860750200000005,-87.7007125,3376,29,25.339242055999414,50.94949201845439,12.583333333333334
17031834300,41.745844700000006,-87.5917741,5444,45,0.0,0.0,0.0
17031843900,41.776599,-87.57601700000001,2643,42,8.591199824064242,17.27428412806342,17.066666666666666
17031831200,41.9153185,-87.7322498,6231,20,15.744750251271661,31.65789353473556,11.4
17031831600,41.925610600000006,-87.79761490000001,2598,18,0.0,0.0,0.0
17031831500,41.9276422,-87.7880229,5266,19,0.0,0.0,0.0
17031831100,41.9428559,-87.7174958,2593,21,0.0,0.0,0.0
17031831700,41.952650399999996,-87.7452543,5050,15,0.0,0.0,0.0
17031440202,41.74096,-87.6097621,3604,44,0.0,0.0,0.0
17031440102,41.7409356,-87.6011635,3156,44,0.0,0.0,0.0
17031430102,41.7693827,-87.5616345,3414,43,6.233988845696152,12.534651361512575,19.783333333333335
17031030702,41.9806769,-87.65479559999999,1460,77,18.858962902043743,37.91962591977015,16.183333333333334
17031030603,41.9854759,-87.65839709999999,2048,77,9.120076340873302,18.33769359439082,21.616666666666667
17031030701,41.9827458,-87.6579669,1734,77,12.992878186651046,26.124717621961963,19.25
17031840800,41.840833399999994,-87.7073719,5952,30,39.381541161102085,79.18427522921682,5.366666666666666
17031836300,41.80153189999999,-87.60175749999999,6465,41,27.18779844101272,54.66637544281866,13.233333333333333
17031838300,41.9015666,-87.63840400000001,4535,8,17.600093661057375,35.38842359713686,15.766666666666667
17031839800,41.8350677,-87.64316290000001,7462,60,3.117393920412306,6.268128948585497,22.483333333333334
17031836600,41.8986971,-87.70880550000001,6715,23,48.233073913265464,96.98200952256202,7.083333333333333
17031730202,41.7264117,-87.64854179999999,3479,73,3.7098347695527734,7.459346911931878,21.933333333333334
17031430101,41.7698263,-87.5739526,3913,43,9.991033966639982,20.088923899715013,6.216666666666667
17031063302,41.934765000000006,-87.6398547,4186,6,27.03794132087925,54.36505845278102,8.883333333333333
17031836200,41.790469,-87.6012844,1329,41,10.086866972710645,20.28161486367957,13.033333333333333
17031840100,41.8418679,-87.63919990000001,7773,60,2.6461104449992634,5.320521533339185,23.633333333333333
17031580502,41.81456179999999,-87.6993103,4893,58,8.666895245666295,17.426484547879618,16.933333333333334
17031841400,41.853310799999996,-87.7144125,6621,29,36.5625491775565,73.51614161857722,11.016666666666667
17031081401,41.8950395,-87.6197531,2516,8,9.853419634945146,19.812223425453947,12.066666666666666
17031081403,41.8919084,-87.60996779999999,7004,8,1.8907987728718934,3.80181999027596,23.866666666666667
17031030703,41.978874600000005,-87.6578702,2579,77,24.45127526851002,49.16406147353673,13.133333333333333
17031836000,41.8140032,-87.61168359999999,2904,38,34.63411185349537,69.6386419746177,8.833333333333334
17031835800,41.8130457,-87.618718,6676,38,16.706674803639736,33.592030601460834,15.183333333333334
17031835900,41.8201666,-87.6214991,6888,38,12.159719447768207,24.449489356530623,19.75
17031834500,41.7880823,-87.624736,3334,40,10.373498379691863,20.85794325384822,13.366666666666667
17031843600,41.8067653,-87.60894859999999,2469,38,28.9124860241702,58.13419646359795,6.733333333333333
17031834600,41.787247,-87.63430629999999,5475,68,16.979122261969618,34.13983939435802,15.833333333333334
17031831800,41.978233200000005,-87.7164526,2157,13,10.080766260522111,20.269348191051016,21.7
17031832600,41.914749,-87.6540548,4342,7,19.765270183410202,39.741933607434966,9.266666666666667
17031061901,41.9432357,-87.6434578,3785,6,31.53471308440075,63.406695790157706,8.35
17031770602,42.0123907,-87.9044885,5640,76,0.0,0.0,0.0
17031839700,41.833079999999995,-87.6523575,4450,60,0.16366770548519538,0.3290858675199554,29.366666666666667
17031839900,41.8271229,-87.6487068,9166,60,0.2087718802904892,0.41977661466869254,28.85
17031835200,41.796643700000004,-87.7452868,5453,56,17.217415289931445,34.61897403853416,16.2
17031838800,41.6835098,-87.57231920000001,3331,51,0.0,0.0,0.0
17031833900,41.7318649,-87.5477994,6308,46,14.879269191071039,29.91767493343076,7.966666666666667
17031836800,41.8850451,-87.713863,5105,27,25.86839931916406,52.013465980127435,8.55
17031836700,41.891704,-87.70217459999999,4718,23,43.001342934546706,86.46259322929441,11.1
17031832200,41.9204773,-87.6799713,3454,22,3.4170867122525426,6.870719802412446,23.45
17031831000,41.914788,-87.67699990000001,3363,22,11.073975652141886,22.26638953345394,20.45
17031832400,41.9157414,-87.6922571,3017,22,29.093801890981865,58.49876740413848,12.016666666666667
17031770902,41.9700657,-87.83618409999998,4936,76,0.0,0.0,0.0
17031660301,41.7799542,-87.6982875,1790,66,18.41558483031907,37.02812776538295,7.3
17031660302,41.783595700000006,-87.6983927,5554,66,16.22900555706496,32.63158334688084,12.166666666666666
17031252201,41.876695700000006,-87.7521048,3007,25,9.28719665594384,18.673721607383104,21.466666666666665
17031070103,41.9268108,-87.6426048,1679,7,15.761906405464561,31.692389331381204,16.233333333333334
17031220701,41.9261553,-87.7215648,3459,22,10.8072640530537,21.730113805121512,6.883333333333334
17031834000,41.7275362,-87.62949909999999,3590,49,0.48892643439351624,0.9830820279348451,27.016666666666666
17031834200,41.7555675,-87.5836069,4893,43,2.0685302959650107,4.159183908156706,23.633333333333333
17031835500,41.816354,-87.6325417,1457,37,3.6911857383369773,7.42184939464303,21.95
17031839500,41.8340977,-87.6192902,6327,35,20.57723211387063,41.37454155221316,5.783333333333333
17031839200,41.8420111,-87.62203670000001,6197,35,19.93040643785393,40.07397227927622,9.85
17031840400,41.833848100000004,-87.66768,3606,59,9.887045995725689,19.87983578719751,11.516666666666667
17031841000,41.848448600000005,-87.61738709999999,5000,33,11.490166636546519,23.103222742245837,8.633333333333333
17031301802,41.8451852,-87.7277605,2897,30,26.727737107796365,53.74133233486364,12.116666666666667
17031730201,41.726830299999996,-87.65791159999999,5824,73,0.5092682775152235,1.023983273973682,28.183333333333334
17031580501,41.8199863,-87.6994969,5059,58,5.834194366154508,11.730786526115637,20.366666666666667
17031700302,41.7383651,-87.7313063,5686,70,0.0,0.0,0.0
17031700402,41.7382301,-87.7118233,3840,70,0.0,0.0,0.0
17031700401,41.7455372,-87.7120356,6261,70,0.0,0.0,0.0
17031830500,41.8300655,-87.723951,3163,30,0.6513135231489586,1.309592965561197,26.383333333333333
17031841700,41.8531303,-87.7041821,7009,30,43.615654696676,87.69778693210048,13.1
17031841600,41.8553761,-87.707601,4320,29,43.81072209833863,88.09000801756574,14.016666666666667
17031840700,41.8529302,-87.6942665,2658,30,45.41967795590743,91.32512781483837,5.683333333333334
17031841300,41.8440833,-87.6830306,4487,31,24.325688282239863,48.91154432482122,11.483333333333333
17031301801,41.8416617,-87.73504890000001,4246,30,3.7999738808140275,7.640589189013662,22.916666666666668
17031530502,41.6648049,-87.62667370000001,1495,53,0.0,0.0,0.0
17031071400,41.922153,-87.6294059,4357,7,0.178454518419342,0.3588176411026742,29.183333333333334
17031071600,41.916472999999996,-87.6411838,1715,7,13.214551316327736,26.570434716664654,15.566666666666666
17031832300,41.919207,-87.67144909999999,4605,22,8.021838885585819,16.129472829978127,17.916666666666668
17031832500,41.9218779,-87.6641188,6735,7,11.461495117438828,23.04557305680118,7.483333333333333
17031832000,41.946293,-87.65429590000001,4805,6,36.734375122023515,73.86163121794402,12.1
17031030104,41.997277000000004,-87.655642,3688,77,10.38246091968097,20.875964189858497,9.816666666666666
17031030101,41.9912706,-87.6546675,3727,77,7.957596977159081,16.00030193396613,18.0
17031160601,41.95953170000001,-87.70214940000001,3999,16,14.88850613812101,29.936247618397317,18.316666666666666
17031210501,41.9374016,-87.7223308,4569,21,5.319563807976408,10.69602134022722,20.566666666666666
17031210601,41.9376352,-87.712213,3066,21,0.3229546469845046,0.6493633539825621,27.916666666666668
17031700502,41.7388519,-87.6887682,3001,70,0.0,0.0,0.0
17031836100,41.7998049,-87.6186823,7204,40,14.265045200275638,28.682657712023218,21.216666666666665
17031835700,41.812844399999996,-87.62759770000001,5512,38,5.2322352452438565,10.520430219542071,22.666666666666668
17031836400,41.8211751,-87.5958325,6477,36,15.667150643350713,31.501864376654744,12.0
17031836500,41.8282771,-87.60063819999999,1614,36,12.446436292119355,25.025989535207692,17.366666666666667
17031839600,41.8274414,-87.6192499,6725,35,19.590611026077905,39.39074728059908,11.666666666666666
17031840000,41.831166499999995,-87.638299,5046,60,4.148381576398547,8.341130865284864,21.55
17031835600,41.80183529999999,-87.632201,7385,37,13.922530559869806,27.993965173430535,12.583333333333334
17031830800,41.9651416,-87.6765782,5860,4,24.324533159002012,48.90922172408765,14.383333333333333
17031460301,41.7400279,-87.5563646,2639,46,15.626823650192131,31.420779085645616,17.85
17031301701,41.842479700000005,-87.71962359999999,3744,30,42.10586740079721,84.66206488441881,5.316666666666666
17031310400,41.85650820000001,-87.65226390000001,1426,31,18.994123884915314,38.191393457362736,11.216666666666667
17031530100,41.681852500000005,-87.61793990000001,2091,53,23.22387109421731,46.69612580903102,5.8
17031081100,41.90020689999999,-87.6291097,3657,8,11.017149411919167,22.15212928580061,7.533333333333333
17031150700,41.9495919,-87.7619588,4621,15,9.708013673158153,19.51985635807562,13.533333333333333
17031640100,41.7820943,-87.7399953,1230,64,0.6320979992074671,1.2709564040759003,26.45
17031081300,41.898335700000004,-87.6207537,5053,8,9.86019325897415,19.825843118680723,11.966666666666667
17031301702,41.8388064,-87.71952490000001,3694,30,26.830477108349793,53.94791115938431,10.166666666666666
17031700301,41.7456224,-87.7317115,5796,70,0.0,0.0,0.0
17031490902,41.70328,-87.61532609999999,4825,49,1.095970147642954,2.2036618998466957,25.716666666666665
17031490901,41.6960581,-87.6162675,4215,49,20.675530635659612,41.572189916763506,15.95
17031650302,41.7750956,-87.7177499,4148,65,8.108770068071738,16.304264940114372,19.2
17031831900,41.9451696,-87.66879200000001,4583,6,5.859520634903824,11.781709932768797,23.6
17031830900,41.9286293,-87.685372,5237,22,0.0,0.0,0.0
17031830700,41.960972600000005,-87.6591714,2590,3,7.110886855539923,14.297825968503464,21.65
17031830600,42.001698100000006,-87.6735741,4733,1,19.300828908270702,38.80808377134019,14.566666666666666
17031700501,41.746213,-87.690342,7871,70,0.0,0.0,0.0
17031460302,41.7470864,-87.5573907,3506,46,9.992638373054689,20.092149871969426,13.733333333333333
17031431302,41.7583854,-87.5627858,3401,43,5.478530855616275,11.015655617646622,20.433333333333334
17031431301,41.753530100000006,-87.5601862,3421,43,2.566905926327181,5.1612653889371325,23.616666666666667
17031440101,41.7486354,-87.6013955,3747,44,0.0,0.0,0.0
17031301803,41.839549700000006,-87.7278709,5054,30,8.30615222379396,16.70114029042398,19.466666666666665
17031310200,41.856308500000004,-87.64420909999998,1526,31,5.302684145092601,10.662081483325736,21.216666666666665
17031310300,41.8561398,-87.64898029999999,1493,31,15.239484907103567,30.64195893957276,15.0
17031310500,41.8552242,-87.6547505,1722,31,19.30453051686728,38.81552657792573,9.3
17031510300,41.7157378,-87.5749725,6037,51,0.0,0.0,0.0
17031491400,41.689122999999995,-87.616821,2698,49,29.25279962094457,58.818463374356725,6.116666666666666
17031500200,41.7008558,-87.6003019,2091,50,0.0,0.0,0.0
17031530200,41.6815614,-87.6323959,4893,53,11.268427950768148,22.65737383420508,20.15
17031740100,41.69728610000001,-87.6986078,2805,74,0.0,0.0,0.0
17031140500,41.9653616,-87.7318313,4121,14,0.4635333450348078,0.9320242654040556,27.133333333333333
17031140800,41.964494099999996,-87.70277490000001,7209,14,29.510848037754485,59.33732008378693,11.55
17031150200,41.960675099999996,-87.75241340000001,7821,15,0.0,0.0,0.0
17031150300,41.9605182,-87.7622861,7526,15,0.6811575937831016,1.369600294715403,26.283333333333335
17031300900,41.8481802,-87.70270040000001,3963,30,47.125357909836524,94.7547302870312,6.633333333333334
17031301100,41.8470218,-87.6979675,3182,30,48.651785712340455,97.82391132127636,8.983333333333333
17031301200,41.8484172,-87.6914771,3518,30,42.828817334063665,86.11569683494436,6.666666666666667
17031740400,41.6872387,-87.71931590000001,4809,74,0.0,0.0,0.0
17031640300,41.7815321,-87.7716353,6947,64,3.6540051830588327,7.347090631133094,21.983333333333334
17031640600,41.7760359,-87.7714293,4432,64,0.17293156569905377,0.34771266665557926,29.25
17031010400,42.0054401,-87.6571665,4730,1,19.153449188778755,38.51174807884622,15.35
17031020400,42.0084864,-87.6859115,4294,2,17.88305726725026,35.95737715791726,6.333333333333333
17031160300,41.957268799999994,-87.730897,3877,16,0.0,0.0,0.0
17031310700,41.855990500000004,-87.6649064,1241,31,24.82606577856715,49.917650947860686,4.2
17031071500,41.914914200000005,-87.62676259999999,5710,7,0.7358960345164123,1.479662613986083,27.216666666666665
17031071700,41.9128656,-87.6410697,1813,7,12.492566945932097,25.118744218755225,11.883333333333333
17031071800,41.914586,-87.6459669,2670,7,17.47312724461149,35.13313283480761,9.883333333333333
17031670500,41.786578000000006,-87.67640390000001,1040,67,10.111603746349896,20.33135297535276,8.766666666666667
17031670600,41.783005700000004,-87.6715777,1636,67,7.922005810086397,15.92873894566957,18.233333333333334
17031670700,41.7830684,-87.66673109999999,1547,67,4.106845573062116,8.25761462333133,22.95
17031670800,41.7831441,-87.6618788,1688,67,2.717908176202619,5.464884885834269,24.866666666666667
17031670900,41.783213,-87.65702309999999,1496,67,6.10258835410605,12.270445025636565,20.2
17031671100,41.7767815,-87.6617115,1486,67,1.9584704656204666,3.9378871371128317,24.4
17031671200,41.776699799999996,-87.6665833,1063,67,0.0,0.0,0.0
17031671300,41.7739014,-87.67134890000001,2190,67,0.9976864730000246,2.006043388381444,25.8
17031671400,41.7737925,-87.6762295,1864,67,5.614616787126274,11.289282945013781,21.316666666666666
17031671500,41.7681724,-87.66963249999999,3254,67,0.9251426879140079,1.8601799489360096,26.4
17031671600,41.7695,-87.66151190000001,2291,67,5.13996342480327,10.3348997143803,20.716666666666665
17031230500,41.9117237,-87.73394959999999,3710,23,10.70131886662693,21.517090328795145,8.533333333333333
17031230600,41.9061891,-87.7339953,6933,23,9.621927108475433,19.346762516890266,15.316666666666666
17031240600,41.91216179999999,-87.68971040000001,1340,24,37.50989008053323,75.42095541167727,9.316666666666666
17031241000,41.9079977,-87.6945342,2036,24,48.27533794581902,97.06698960935768,5.466666666666667
17031191000,41.9192298,-87.743801,2901,19,2.2813083131723175,4.587015643038432,24.533333333333335
17031080300,41.9074905,-87.6357996,4480,8,14.256160378628389,28.664793043908777,14.716666666666667
17031300800,41.8481109,-87.70758190000001,4674,30,44.541063551737,89.55850206203762,6.433333333333334
17031650200,41.782222600000004,-87.7302269,7628,65,9.049951783012371,18.196694483480666,18.033333333333335
17031660500,41.7752435,-87.7079434,5702,66,13.390151531027795,26.923513223019636,9.55
17031221400,41.92080120000001,-87.6945317,2799,22,7.818381563120402,15.720382171143937,19.183333333333334
17031161000,41.9499768,-87.7306832,1726,16,0.0,0.0,0.0
17031340600,41.8274174,-87.63253909999999,1066,34,4.760184150288955,9.571279355378277,21.033333333333335
17031670100,41.79049379999999,-87.6572084,1601,67,6.871447857922147,13.816387128656823,19.716666666666665
17031240500,41.911970200000006,-87.68363690000001,2154,24,28.26526468462048,56.83283163189991,10.316666666666666
17031240700,41.9121161,-87.6945971,1427,24,43.367192041440234,87.19820426732139,4.95
17031240800,41.9121064,-87.6994836,1816,24,39.177172990595686,78.77335313261146,6.9
17031240900,41.904742299999995,-87.70188399999999,1236,24,49.734042582448716,100.0,7.883333333333334
17031241100,41.906666799999996,-87.689581,4015,24,46.83621185556074,94.17334570765291,4.7
17031190300,41.9349863,-87.76146329999999,5445,19,13.17759884043148,26.4961345512699,15.45
17031190800,41.9278189,-87.7513629,6881,19,9.287735027549559,18.674804108578993,15.483333333333333
17031190900,41.9279225,-87.7441045,1864,19,4.759658284555156,9.570221999678855,22.633333333333333
17031191100,41.9196291,-87.75097579999999,7936,19,9.2215545568493,18.5417353547359,15.683333333333334
17031191200,41.920143599999996,-87.76082770000001,3975,19,9.994360607913077,20.095612761308317,5.25
17031080100,41.9075536,-87.6267896,6657,8,10.067627131107209,20.242929406788466,18.1
17031080400,41.9074116,-87.640902,4907,8,11.38942840489085,22.900668864811347,11.083333333333334
17031081000,41.9002652,-87.63210809999998,7427,8,13.07148157253254,26.28276507155584,8.65
17031150600,41.949472899999996,-87.7717574,3868,15,9.960418005988679,20.027364535019196,9.316666666666666
17031301600,41.8407576,-87.71225279999999,4513,30,39.4129036703796,79.24733567564147,9.166666666666666
17031821402,41.6622753,-87.65213229999999,4716,53,0.0,0.0,0.0
17031750300,41.6953913,-87.6861729,2657,75,0.0,0.0,0.0
17031750100,41.6958342,-87.6520277,4411,75,0.14658036505485472,0.29472843437541785,29.6
17031740200,41.7047146,-87.7127053,6307,74,0.0,0.0,0.0
17031650400,41.7653247,-87.7171801,7284,65,0.0,0.0,0.0
17031650500,41.7622541,-87.7320579,4163,65,0.0,0.0,0.0
17031660600,41.777286700000005,-87.6933397,6164,66,22.785758750463536,45.815215428525605,11.266666666666667
17031020500,42.0013131,-87.68419859999999,6004,2,9.074437427524483,18.24592765102686,20.333333333333332
17031221100,41.921021,-87.71036190000001,4810,22,14.857647064438293,29.874199427499583,17.933333333333334
17031221300,41.921125200000006,-87.699753,2762,22,12.63676993568612,25.408692476057983,17.666666666666668
17031221500,41.9216472,-87.68995190000001,2574,22,8.574345536508854,17.240395293212632,20.9
17031221600,41.9212507,-87.6850983,3118,22,5.875476989102407,11.813793297341729,21.3
17031160800,41.950213,-87.71281440000001,5388,16,0.21041347020468337,0.4230773516065209,28.833333333333332
17031160900,41.9500821,-87.72260820000001,2272,16,0.0,0.0,0.0
17031161100,41.9498772,-87.7381513,2026,16,0.0,0.0,0.0
17031161200,41.9425489,-87.73857,2664,16,0.0,0.0,0.0
17031161300,41.9426994,-87.73100229999999,3943,16,0.34356615757743514,0.6908068191076038,27.783333333333335
17031330200,41.86134129999999,-87.6305353,3756,33,0.15489228381733056,0.31144116941740924,29.483333333333334
17031420600,41.78301389999999,-87.6132786,2056,42,0.523516519436158,1.0526321454128251,26.866666666666667
17031420700,41.7766912,-87.6106927,3050,42,0.0,0.0,0.0
17031661000,41.7618185,-87.68504449999999,5717,66,5.079993174032311,10.214317819852946,20.766666666666666
17031823304,41.6814162,-87.70276949999999,4073,75,0.0,0.0,0.0
17031640400,41.7811783,-87.7912475,3653,64,0.33829732612897345,0.6802128050784264,27.816666666666666
17031640500,41.7756823,-87.7909877,3183,64,0.0,0.0,0.0
17031640700,41.776410799999994,-87.75193440000001,3235,64,0.0,0.0,0.0
17031640800,41.7748237,-87.7397411,1772,64,0.0,0.0,0.0
17031650100,41.7823762,-87.7178562,4510,65,16.068857886229974,32.309575196086556,15.583333333333334
17031010100,42.0212614,-87.6698437,4189,1,30.710339306268082,61.74913140301579,3.3333333333333335
17031020100,42.015719399999995,-87.68711479999999,3990,2,23.650856849229562,47.554664011117445,6.1
17031151200,41.942169299999996,-87.7714961,3680,15,9.977710650816432,20.062134772727273,8.116666666666667
17031310800,41.855933799999995,-87.66857390000001,4734,31,29.867485083555774,60.05440847492276,6.8
17031660400,41.782531799999994,-87.7080435,5975,66,11.354625037672504,22.83068990188942,9.583333333333334
17031670400,41.790299600000004,-87.6717697,1858,67,13.935547315345204,28.020137901002034,18.25
17031340400,41.8418854,-87.6320359,1740,34,14.910377037268798,29.980223330026888,16.95
17031420800,41.7769101,-87.6032575,2292,42,0.18560221384930964,0.3731894778945824,29.1
17031421200,41.7706572,-87.6089667,1707,42,0.0,0.0,0.0
17031661100,41.7607874,-87.70268809999999,6029,66,4.407686598544543,8.862514225015016,22.166666666666668
17031222500,41.915707299999994,-87.6995958,1424,22,25.85427325880095,51.985062778558444,11.05
17031222800,41.9154354,-87.7150963,1014,22,23.770354643846016,47.794937651488326,15.75
17031230300,41.9118164,-87.71498709999999,1170,23,32.5466238090335,65.44133981282127,10.95
17031351500,41.8272749,-87.62774759999999,415,35,14.969684990554903,30.099473546189763,16.016666666666666
17031381500,41.810192,-87.6228605,250,38,16.719463691704433,33.6177451571266,15.516666666666667
17031190200,41.9351134,-87.7516483,5694,19,1.1670601537690917,2.346602232936018,25.05
17031390600,41.806018,-87.5943501,1976,39,17.584655351625273,35.35738186268201,17.083333333333332
17031010300,42.0159406,-87.6665349,6213,1,32.63719697399961,65.62345483959787,8.85
17031010600,42.0062785,-87.66768309999999,6513,1,28.62341533557739,57.55296342163562,8.733333333333333
17031020200,42.0156904,-87.6995194,6255,2,7.817925661584373,15.719465492120163,18.666666666666668
17031150800,41.9497083,-87.75211759999999,5451,15,2.504901239328503,5.036592863280513,23.116666666666667
17031151100,41.94229,-87.76171690000001,5391,15,11.01921536352379,22.156283284746497,12.2
17031160100,41.964628000000005,-87.7427941,2626,16,0.0,0.0,0.0
17031160200,41.9587909,-87.73840190000001,3822,16,0.0,0.0,0.0
17031160400,41.9573655,-87.7228233,5090,16,0.21206768849840296,0.4264034803662678,28.816666666666666
17031310600,41.8563349,-87.6595659,5141,31,20.810352508765472,41.84327560798266,3.216666666666667
17031310900,41.855771600000004,-87.67467409999999,5065,31,36.397120921641985,73.18351582078436,12.966666666666667
17031320400,41.8777215,-87.617367,2523,32,0.0,0.0,0.0
17031320600,41.8711374,-87.61688170000001,4451,32,0.0,0.0,0.0
17031740300,41.6950695,-87.7107235,4436,74,0.0,0.0,0.0
17031660700,41.7738453,-87.6810954,2677,66,14.456895187912181,29.068409558594904,16.35
17031221200,41.921083200000005,-87.7046502,3065,22,12.194071217078438,24.518560293712703,16.866666666666667
17031160700,41.950419000000004,-87.7019832,6008,16,0.0,0.0,0.0
17031222200,41.915909899999996,-87.68382700000001,1964,22,18.31953606450893,36.835002974348896,15.966666666666667
17031330100,41.8593899,-87.6152944,17582,33,0.17986209962091548,0.3616478578485581,29.166666666666668
17031340300,41.8428079,-87.6357897,1734,34,8.120295233804164,16.327438535370216,19.45
17031340500,41.834518,-87.63291650000001,1688,34,10.36297305190413,20.83678002793453,11.683333333333334
17031350400,41.8419282,-87.6283676,1379,35,18.839441366571407,37.88037406237292,13.383333333333333
17031750500,41.684616,-87.6712331,6369,75,0.0,0.0,0.0
17031750400,41.6856567,-87.6850709,3187,75,0.0,0.0,0.0
17031750200,41.6956651,-87.6714255,2875,75,0.0,0.0,0.0
17031430200,41.769731400000005,-87.5813483,4927,43,9.853419634945146,19.812223425453947,12.066666666666666
17031660800,41.773641299999994,-87.69326579999999,6517,66,18.191940464220853,36.57844711509705,6.416666666666667
17031660900,41.768104,-87.69799859999999,4357,66,11.40486070526846,22.93169851688925,11.533333333333333
17031670200,41.7904248,-87.66206269999999,985,67,11.391728559638027,22.90529377488851,15.583333333333334
17031670300,41.7903576,-87.6669167,1381,67,13.224473914099224,26.59038603623623,15.45
17031222600,41.9156384,-87.70447890000001,1554,22,27.41574742631682,55.1247113702193,10.066666666666666
17031222700,41.9154902,-87.7101899,2660,22,26.590271553305207,53.464931006209795,11.083333333333334
17031222900,41.9155641,-87.720074,878,22,22.811631577162952,45.867237796617886,11.966666666666667
17031230100,41.9120282,-87.7043673,1646,23,42.37776320992174,85.20876447891443,5.35
17031230200,41.9118826,-87.710096,1972,23,40.473253948925475,81.37937687616933,6.216666666666667
17031230400,41.9118329,-87.7215416,2666,23,22.06704839050064,44.370107967632144,5.9
17031170400,41.948908,-87.8127105,3720,17,0.0,0.0,0.0
17031380700,41.813806299999996,-87.62376850000001,1216,38,6.148283512978403,12.362324061603932,20.966666666666665
17031381900,41.8039557,-87.6138886,1293,38,28.07764039862178,56.455576383268834,12.8
17031390200,41.813041,-87.5994765,1637,39,31.32120127163593,62.97738861608099,6.383333333333334
17031171000,41.9418071,-87.7965238,7949,17,0.0,0.0,0.0
17031180100,41.9344789,-87.79867309999999,5918,18,0.0,0.0,0.0
17031390300,41.8132011,-87.6042099,2909,39,37.26494494971231,74.92844541630568,10.066666666666666
17031390500,41.805978100000004,-87.5991986,1643,39,32.6591536241114,65.66760297027795,10.316666666666666
17031390700,41.8063786,-87.5825422,6142,39,0.26185882788371195,0.526518284632914,28.366666666666667
17031400300,41.7931041,-87.61318370000001,1329,40,19.20435076828901,38.61409563972642,11.4
17031400400,41.791126399999996,-87.61832159999999,1661,40,17.30689554706131,34.79889156078569,15.716666666666667
17031400500,41.7910414,-87.6231791,2422,40,12.893393367308187,25.924683974630895,11.0
17031400800,41.782863,-87.6205573,2839,40,2.7790520832623224,5.587826645411402,24.266666666666666
17031410100,41.8014966,-87.5793225,1956,41,0.0,0.0,0.0
17031440300,41.7437381,-87.6195319,4455,44,0.0,0.0,0.0
17031440700,41.7347513,-87.6096292,1501,44,0.0,0.0,0.0
17031671800,41.761401,-87.6564479,1139,67,0.8754386747907827,1.7602403290251083,25.716666666666665
17031680500,41.7905638,-87.65235200000001,1285,68,3.019623956034585,6.071543351877491,24.35
17031681100,41.7687666,-87.6493597,3583,68,12.848365732134303,25.83414712535057,7.616666666666666
17031200100,41.9350479,-87.73760379999999,4603,20,1.0119652393133227,2.034753635069368,25.383333333333333
17031410200,41.801668,-87.5942689,1248,41,9.279016091447144,18.657272985730973,20.933333333333334
17031170600,41.941294299999996,-87.83070190000001,2774,17,0.0,0.0,0.0
17031380500,41.8200985,-87.6277934,820,38,1.2451503884189175,2.503617891818701,26.266666666666666
17031381700,41.8055511,-87.627448,1532,38,13.484550370038557,27.11332051418095,19.416666666666668
17031430300,41.7696915,-87.5893542,2262,43,5.734643936132491,11.530620955707837,20.216666666666665
17031430700,41.765142700000006,-87.55923100000001,2480,43,7.388500060842489,14.856021503970625,18.666666666666668
17031430800,41.7607499,-87.571298,1692,43,9.917724057987966,19.941520019303557,10.85
17031430900,41.7606411,-87.5811855,1345,43,7.996326495315752,16.07817518967919,17.95
17031431200,41.75530139999999,-87.5711849,3291,43,7.891817065222529,15.868038581700924,18.083333333333332
17031431400,41.7596848,-87.54722559999999,5850,43,0.5195618265033075,1.0446804633707019,26.883333333333333
17031230800,41.905865999999996,-87.71495809999999,1195,23,34.02960730469428,68.42316758843856,11.216666666666667
17031231100,41.8992549,-87.7150697,1227,23,45.50490633941406,91.49649611526426,13.166666666666666
17031170900,41.936196200000005,-87.8116065,1729,17,0.0,0.0,0.0
17031210100,41.942868299999994,-87.70133129999999,3447,21,0.0,0.0,0.0
17031420200,41.783457899999995,-87.59351529999999,1707,42,0.2403302083932346,0.48323079306255273,28.55
17031420300,41.7832244,-87.5986976,2275,42,1.2004543281715063,2.413747738646828,24.983333333333334
17031440600,41.732691100000004,-87.61916070000001,2056,44,0.0,0.0,0.0
17031440800,41.7317123,-87.60332790000001,1777,44,0.0,0.0,0.0
17031440900,41.7286691,-87.60900579999999,2480,44,0.0,0.0,0.0
17031450300,41.741943799999994,-87.57908929999999,3716,45,0.0,0.0,0.0
17031671900,41.76132570000001,-87.6612804,1313,67,0.513047120847252,1.0315813760699755,28.033333333333335
17031672000,41.7611984,-87.6711282,4148,67,0.0,0.0,0.0
17031680600,41.78328079999999,-87.65216459999999,1594,68,10.44648476071514,21.00469661881404,15.3
17031680900,41.7764282,-87.6376322,3389,68,19.171089838049028,38.547218047411576,10.05
17031681000,41.776039600000004,-87.6495529,2873,68,19.458932517704312,39.12598193771488,13.25
17031240200,41.9124419,-87.6701822,1469,24,12.428647343934033,24.99022138272777,18.066666666666666
17031240300,41.912366399999996,-87.6750718,1402,24,13.807137088618115,27.761944076290902,18.3
17031200200,41.9278524,-87.7356285,4968,20,9.514780340836982,19.131323027006005,14.633333333333333
17031410500,41.7978267,-87.6037453,2630,41,24.625141670957163,49.513653811941374,6.766666666666667
17031410600,41.7979713,-87.5989457,2365,41,16.60688520083285,33.39138412748588,11.5
17031170100,41.9558597,-87.7948171,1871,17,0.0,0.0,0.0
17031170200,41.9493531,-87.7815193,4366,17,7.373034537835592,14.824925051311949,18.683333333333334
17031170300,41.949124700000006,-87.79682779999999,4918,17,0.0,0.0,0.0
17031170500,41.9500781,-87.8288962,4888,17,0.0,0.0,0.0
17031351400,41.8273997,-87.6240873,1551,35,18.942649911498116,38.08789498680936,12.683333333333334
17031381200,41.8085116,-87.6139995,1946,38,22.63469344608538,45.51146914824339,6.766666666666667
17031381400,41.8076205,-87.6214304,1746,38,19.915096792747395,40.04318924956141,15.416666666666666
17031381800,41.8038481,-87.62119770000001,1102,38,18.614723700814974,37.42853533363114,19.916666666666668
17031390100,41.813843299999995,-87.5906302,1386,39,10.709642702010743,21.53382702453029,12.8
17031430400,41.7621777,-87.5903215,3119,43,5.399148845555657,10.856042592164087,20.5
17031430500,41.76428370000001,-87.58127270000001,3661,43,9.956792664800881,20.020075078945347,9.5
17031430600,41.764385499999996,-87.57137490000001,1742,43,9.991788637232833,20.090441312243062,6.033333333333333
17031230700,41.906339700000004,-87.7215392,5177,23,26.654180956845497,53.5934333362473,12.583333333333334
17031230900,41.906717799999996,-87.7103555,5155,23,43.32886910585535,87.12114852522812,7.916666666666667
17031231200,41.899060999999996,-87.7213146,5102,23,28.858474105185692,58.025594958110105,18.5
17031170700,41.941486299999994,-87.82216340000001,2831,17,0.0,0.0,0.0
17031170800,41.9415761,-87.8123711,3750,17,0.0,0.0,0.0
17031171100,41.9420528,-87.7812864,4257,17,8.133611858632266,16.35421420880562,17.766666666666666
17031190100,41.9352175,-87.7443886,2720,19,0.0,0.0,0.0
17031390400,41.805925,-87.60405949999999,2524,39,35.80155003274072,71.986004301559,5.516666666666667
17031242200,41.8995887,-87.6747175,3875,24,22.117168831264127,44.47088489659463,12.216666666666667
17031200300,41.9234797,-87.7341247,2401,20,11.438225045448783,22.99878403507332,10.85
17031210400,41.9357582,-87.73029820000001,3128,21,6.7436623300243825,13.559449382874497,19.316666666666666
17031210700,41.935703000000004,-87.7038402,3978,21,0.0,0.0,0.0
17031210800,41.935744899999996,-87.698932,1028,21,0.0,0.0,0.0
17031210900,41.9354394,-87.6933374,3223,21,0.0,0.0,0.0
17031220300,41.928465100000004,-87.6950871,2409,22,0.4706576562318676,0.946349083631428,27.1
17031420100,41.7834164,-87.57740159999999,1224,42,0.15611696924681007,0.3139036385148071,29.466666666666665
17031420400,41.7831695,-87.6035575,1216,42,5.851618423601453,11.7658209945445,20.116666666666667
17031420500,41.783100299999994,-87.6084262,2099,42,2.6580728400862643,5.344574263553444,22.95
17031470100,41.728220799999995,-87.5964896,2618,47,0.0,0.0,0.0
17031480100,41.735247799999996,-87.5756026,2045,48,0.0,0.0,0.0
17031691000,41.7619654,-87.62001509999999,2703,69,0.0,0.0,0.0
17031691300,41.7546812,-87.61984749999999,2842,69,0.0,0.0,0.0
17031242300,41.8995064,-87.6796,3003,24,33.89283278467488,68.14815571947042,13.25
17031411100,41.7904493,-87.58970179999999,2246,41,0.8502122010558566,1.7095175797269675,25.783333333333335
17031460400,41.7444907,-87.56369240000001,3154,46,9.208760196165514,18.51600979530128,16.666666666666668
17031681200,41.76918920000001,-87.6384973,2375,68,17.6068754083691,35.402059623809095,9.083333333333334
17031690500,41.7681653,-87.61210770000001,952,69,0.0,0.0,0.0
17031241400,41.9060239,-87.67531140000001,5238,24,23.348702554304978,46.94712382488851,14.716666666666667
17031241500,41.9083761,-87.6709377,2881,24,15.733517998373612,31.635308897905706,20.133333333333333
17031241600,41.90671,-87.6653283,3438,24,7.706619470380905,15.495662669297253,21.533333333333335
17031242000,41.899737200000004,-87.66495379999999,4786,24,10.256193834639683,20.622079569817885,11.9
17031243300,41.892477899999996,-87.6647382,2353,24,9.93769198445403,19.98166943292293,10.266666666666667
17031491200,41.6887765,-87.63743829999999,2746,49,10.73310694617703,21.58100646731817,15.85
17031710800,41.7478364,-87.64881190000001,4917,71,5.399148845555657,10.856042592164087,20.5
17031711300,41.73350429999999,-87.66728520000001,1580,71,8.36443434549653,16.818327871960207,17.433333333333334
17031010202,42.0160507,-87.6733224,2502,1,38.888608419398444,78.19313773845994,6.6
17031480200,41.7351234,-87.5898834,1157,48,0.0,0.0,0.0
17031480300,41.729194899999996,-87.58797390000001,1192,48,0.0,0.0,0.0
17031480400,41.728449600000005,-87.5756383,6106,48,0.7502120541755364,1.508447765797121,26.066666666666666
17031480500,41.7275503,-87.55905,2900,48,9.946003131500923,19.998380616280116,9.966666666666667
17031691100,41.7617133,-87.6298715,3209,69,0.6611238546338438,1.3293185518507524,26.35
17031691200,41.754439,-87.6321808,2975,69,0.0,0.0,0.0
17031691400,41.7548453,-87.6101681,2716,69,0.0,0.0,0.0
17031691500,41.7550432,-87.60029899999999,2124,69,0.0,0.0,0.0
17031700100,41.7535931,-87.69530909999999,3486,70,0.0,0.0,0.0
17031410700,41.798039700000004,-87.59419759999999,1959,41,10.435863983134702,20.98334147246166,16.233333333333334
17031410800,41.7979597,-87.58962609999999,3201,41,5.396551190581633,10.850819499812973,20.7
17031410900,41.7978743,-87.57665909999999,2923,41,0.0,0.0,0.0
17031411000,41.7907158,-87.57687340000001,3313,41,0.0,0.0,0.0
17031411200,41.79055579999999,-87.59401740000001,1691,41,5.832185490840334,11.726747290192188,20.133333333333333
17031530600,41.6703911,-87.6189952,2872,53,1.4982172188148302,3.0124581494277227,24.45
17031460100,41.74615670000001,-87.5357425,3614,46,0.7017527889079078,1.41101095440723,26.216666666666665
17031460200,41.7413869,-87.54701120000001,2626,46,12.209051862311378,24.548681804965494,5.866666666666666
17031460500,41.7468819,-87.5726043,4798,46,0.23293769504263429,0.46836670205618613,28.616666666666667
17031460600,41.7356329,-87.5595147,1107,46,10.703148107993302,21.520768375604508,14.416666666666666
17031460700,41.7355798,-87.5492809,2901,46,18.16776645100829,36.52984054310467,10.9
17031461000,41.727405499999996,-87.54652829999999,2034,46,10.853737843724183,21.82355843229703,9.033333333333333
17031681300,41.7611735,-87.63986240000001,2409,68,9.127915603719613,18.353455962457556,17.1
17031681400,41.7615307,-87.6491923,2898,68,8.619998113943819,17.332188710888826,17.016666666666666
17031690300,41.76866879999999,-87.6290135,2284,69,8.172730836127892,16.432870548536652,18.483333333333334
17031690400,41.7692585,-87.6202083,3581,69,0.5907809121524543,1.187880336035548,26.6
17031690900,41.762142600000004,-87.61034529999999,4442,69,0.0,0.0,0.0
17031241200,41.9067071,-87.6846858,1952,24,36.197579320672666,72.78229848431202,3.55
17031241300,41.906770200000004,-87.68102209999999,1878,24,25.066913048464315,50.40192139400005,9.366666666666667
17031242100,41.899669700000004,-87.669837,3311,24,13.367230551777649,26.877426120383348,7.516666666666667
17031243100,41.892355,-87.6745074,2594,24,11.114495791698014,22.3478631829948,8.733333333333333
17031243200,41.8924333,-87.6696249,2190,24,9.996977639676306,20.100874814476207,3.95
17031243400,41.8925575,-87.6598474,2955,24,9.614319657896699,19.331466252634005,14.133333333333333
17031243500,41.8926534,-87.6525168,3198,24,3.2653349309835367,6.565593226350522,23.0
17031250200,41.91235089999999,-87.751073,2968,25,2.1801895619572575,4.383696656757705,23.7
17031491000,41.6997589,-87.6280508,5536,49,10.055807631441475,20.21916399570985,11.266666666666667
17031491100,41.699757,-87.6376954,4577,49,6.131511899488631,12.32860145909888,20.25
17031510100,41.7131178,-87.549863,3646,51,1.8785629787828084,3.7772175380043578,23.883333333333333
17031510200,41.7142535,-87.5600417,2655,51,0.15489228381733056,0.31144116941740924,29.483333333333334
17031520200,41.7138018,-87.5397944,3987,52,6.529428177055896,13.128689802827632,19.516666666666666
17031710900,41.742147100000004,-87.6396905,2491,71,0.5520053778293432,1.1099145558381522,26.75
17031711000,41.7396437,-87.64858120000001,3445,71,5.0,10.053475929914683,20.833333333333332
17031711100,41.7395016,-87.6583,3136,71,9.898893115129276,19.90365673315007,11.283333333333333
17031711200,41.7405562,-87.66982540000001,4928,71,9.949333706665337,20.00507738772976,9.833333333333334
17031711400,41.7336571,-87.6521236,2249,71,1.2965642276890055,2.6069954509319673,24.8
17031081402,41.8929749,-87.60892079999999,4389,8,1.087086498436336,2.1857995891529876,25.216666666666665
17031061902,41.9449281,-87.6357069,4045,6,0.862874890016947,1.734978387462631,27.2
17031030200,41.9944415,-87.66523000000001,5274,77,13.167932652776653,26.476698794285536,7.45
17031030300,41.994387700000004,-87.67253509999999,3049,77,11.927924712108034,23.983420797402527,15.233333333333333
17031030400,41.986951899999994,-87.67207940000002,2683,77,4.255930235419635,8.557378436237485,23.616666666666667
17031030500,41.9872259,-87.66493559999999,6269,77,10.606822863862044,21.327087670941154,16.933333333333334
17031030800,41.979912299999995,-87.664188,4405,77,19.6469489363834,39.50402564563868,17.0
17031242400,41.8994219,-87.6844898,2926,24,40.71226769312906,81.85996066102322,8.533333333333333
17031242500,41.8994455,-87.689319,3928,24,43.014538162017864,86.48912480964862,7.183333333333334
17031242600,41.900560399999996,-87.6941976,5999,24,47.580082282918326,95.66904239493587,6.4
17031242700,41.897425299999995,-87.699374,1689,24,45.82398070202983,92.13805740014635,4.683333333333334
17031242800,41.8926319,-87.6903235,1515,24,22.862818195556976,45.9701584838095,17.616666666666667
17031242900,41.8921959,-87.68429029999999,1818,24,28.142134915062044,56.585255196997565,16.966666666666665
17031243000,41.8922752,-87.6793978,2398,24,17.475586825001685,35.138078301257714,13.483333333333333
17031220400,41.9284324,-87.69997009999999,2565,22,0.7296172633786668,1.4670379190855296,26.7
17031220500,41.928396,-87.7049098,2682,22,2.2681514534447733,4.560561208521606,24.583333333333332
17031221000,41.9209601,-87.71525190000001,3254,22,14.352112244984276,28.85772299967664,15.616666666666667
17031810400,41.9875747,-87.8294384,7282,10,0.0,0.0,0.0
17031520500,41.6931169,-87.5308704,4613,52,10.746250735231826,21.60743462069622,18.633333333333333
17031720500,41.7028351,-87.6891007,2189,72,0.0,0.0,0.0
17031490300,41.7253816,-87.61914770000001,2290,49,0.0,0.0,0.0
17031490400,41.72365429999999,-87.61082459999999,972,49,0.0,0.0,0.0
17031710100,41.7533917,-87.641971,1406,71,0.9212168409331789,1.8522862673107512,25.6
17031710300,41.754048100000006,-87.66110479999999,1365,71,8.694381343821439,17.48175071312162,16.883333333333333
17031710600,41.7476611,-87.6609455,1803,71,9.909509028521427,19.92500209910248,11.05
17031031800,41.9670111,-87.6706203,1717,3,34.8201194814074,70.01264661661652,6.916666666666667
17031350100,41.8417493,-87.60842009999999,1989,35,0.7825443281457745,1.57345811342096,27.083333333333332
17031351100,41.8277472,-87.61420030000001,1656,35,18.310146137160416,36.81612269263251,7.266666666666667
17031251200,41.8985493,-87.7606044,4375,25,10.397139355677561,20.9054780504546,17.15
17031570100,41.8162007,-87.7189133,1296,57,0.0,0.0,0.0
17031030900,41.9797956,-87.6714465,3207,77,9.878568665007254,19.86279045913197,18.783333333333335
17031250600,41.905693400000004,-87.7706302,4450,25,1.1241210859514927,2.260264855984577,25.516666666666666
17031560100,41.815366100000006,-87.7412503,1263,56,9.640148380075328,19.383399939978666,13.983333333333333
17031490500,41.7179274,-87.6132066,2340,49,0.0,0.0,0.0
17031490600,41.7179514,-87.6283323,1452,49,8.581489350995122,17.254759326609726,17.083333333333332
17031490700,41.710731700000004,-87.62836440000001,2888,49,3.4974333110289066,7.032272321782185,23.016666666666666
17031490800,41.7106826,-87.6153369,3769,49,0.0,0.0,0.0
17031700200,41.7529903,-87.7238224,6868,70,0.0,0.0,0.0
17031710200,41.755112100000005,-87.6514277,5845,71,0.5259718395007051,1.0575690456466575,27.75
17031710400,41.753918799999994,-87.67093270000001,5092,71,5.0599971201658756,10.174111850605048,20.783333333333335
17031710500,41.7475315,-87.67078719999999,4136,71,9.51846043613151,19.13872257689867,14.616666666666667
17031710700,41.74711,-87.65688370000001,2695,71,9.854570614136295,19.814537693772756,12.05
17031031900,41.9633747,-87.6701855,2355,3,32.10624676638458,64.55587581314968,10.733333333333333
17031032100,41.9581539,-87.653018,6767,3,37.31919772344662,75.03753120727949,6.983333333333333
17031251000,41.8986946,-87.7448925,1284,25,0.0,0.0,0.0
17031280400,41.8860096,-87.6718843,1366,28,15.285065607321284,30.733607834074256,14.266666666666667
17031320100,41.8850463,-87.6209319,10534,32,2.5350601666233787,5.0972332732067285,23.083333333333332
17031351000,41.8347834,-87.6059742,4022,35,2.3741970031490767,4.773786484806964,24.6
17031360200,41.8268753,-87.6099042,1616,36,18.720850192946198,37.641923360464645,1.9166666666666667
17031380100,41.820196700000004,-87.6101003,1822,38,31.26172812112869,62.85780623866085,10.283333333333333
17031231500,41.891732,-87.7186562,6965,23,27.21701929604326,54.72512967535887,6.9
17031251100,41.898624700000006,-87.7520109,4346,25,1.1506673204554962,2.3136412419077512,25.083333333333332
17031550200,41.65342929999999,-87.56401,2579,55,0.0,0.0,0.0
17031560800,41.79620560000001,-87.77216609999999,5937,56,9.908788826813977,19.92355399299637,11.066666666666666
17031560900,41.7957701,-87.7916514,5377,56,8.034502994725663,16.154936493260376,17.9
17031561000,41.788502,-87.7915031,4892,56,8.021838885585819,16.129472829978127,17.916666666666668
17031561100,41.788869500000004,-87.7719094,5816,56,9.840151516577974,19.785545283726023,12.25
17031570200,41.8143802,-87.73071429999999,1878,57,8.854437056745699,17.803573964587496,19.666666666666668
17031730400,41.7178213,-87.6526427,3801,73,9.731951034085757,19.56798709445789,13.35
17031730500,41.7142498,-87.63813909999999,4323,73,9.969084920473211,20.04479105825057,8.8
17031730600,41.710600299999996,-87.6504856,3218,73,9.298247211092093,18.695940905422137,15.45
17031730700,41.703081899999994,-87.6500796,2259,73,1.2260386880496976,2.4651900878903623,24.933333333333334
17031250300,41.9128389,-87.76083809999999,4775,25,2.286411422175607,4.597276439744893,23.366666666666667
17031250400,41.912908,-87.775396,5963,25,0.13022096581249198,0.26183466907322617,29.85
17031250500,41.914618700000005,-87.7967956,7663,25,0.0,0.0,0.0
17031250700,41.9058215,-87.76081040000001,5813,25,0.5315113639806379,1.068707340851093,26.833333333333332
17031250800,41.9061818,-87.7514677,2438,25,0.0,0.0,0.0
17031500300,41.689315,-87.6053696,1565,50,20.017027184690864,40.24814019794749,8.3
17031520300,41.701123100000004,-87.5395566,6116,52,10.153294826902869,20.415181030319047,8.483333333333333
17031520600,41.6895296,-87.54040400000001,3010,52,10.78111067569426,21.67752733516769,15.166666666666666
17031560200,41.811339600000004,-87.7477803,1510,56,9.972130037809578,20.050913861019556,8.583333333333334
17031560300,41.8039074,-87.74794990000001,3174,56,11.958713913112588,24.045328495642643,8.883333333333333
17031560400,41.8040083,-87.74057629999999,1417,56,18.639851532768432,37.47905974437414,9.133333333333333
17031560700,41.7964626,-87.75752,3486,56,3.7859909041648265,7.612473685179401,22.916666666666668
17031711500,41.7324407,-87.6386881,2523,71,0.6760970251951348,1.3594250338172416,26.3
17031720600,41.7027765,-87.677207,1709,72,0.0,0.0,0.0
17031031000,41.9724372,-87.6711096,3522,3,23.71350363599581,47.680627603685636,10.85
17031031700,41.9654462,-87.6631946,6525,3,44.343852285930225,89.16197031925833,8.933333333333334
17031580300,41.8251877,-87.7089342,2334,58,0.0,0.0,0.0
17031050500,41.950447499999996,-87.6835074,5365,5,9.784585618223234,19.673819199399333,12.883333333333333
17031050800,41.945009000000006,-87.6809269,1427,5,6.778699261136105,13.629897971592456,19.283333333333335
17031051000,41.9413027,-87.6857323,1610,5,0.4228977184203375,0.8503184065909399,27.333333333333332
17031051400,41.935749,-87.6809906,2174,5,0.0,0.0,0.0
17031081900,41.897982899999995,-87.6414908,1152,8,17.322449378340224,34.830165574461795,14.766666666666667
17031252000,41.8836936,-87.7698735,6368,25,40.29174684523895,81.01442141656511,7.233333333333333
17031260300,41.8842762,-87.7331362,1483,26,9.15113491643961,18.400142922765482,16.483333333333334
17031040300,41.9768015,-87.7019751,2656,4,34.676293675052456,69.72345676015851,5.85
17031040800,41.9631635,-87.692305,1815,4,30.567819149674268,61.46256681024707,10.916666666666666
17031050100,41.9578451,-87.676373,2406,5,12.273119800682986,24.677502900225136,6.033333333333333
17031050200,41.9577404,-87.6837165,5120,5,12.284251387348641,24.69988512794612,3.25
17031050300,41.9576779,-87.6915181,2566,5,17.733993081974695,35.65765451818122,11.05
17031380200,41.8205736,-87.61498509999998,1752,38,22.031610742055047,44.29885365850003,13.216666666666667
17031081500,41.89255870000001,-87.6262292,4400,8,9.967310104383614,20.04122244408321,8.916666666666666
17031720100,41.7275945,-87.6747275,3685,72,0.0,0.0,0.0
17031720200,41.713024600000004,-87.66605009999999,4344,72,0.9279295311715696,1.865783441258078,25.583333333333332
17031720300,41.7139027,-87.677145,3672,72,0.0,0.0,0.0
17031720700,41.7031071,-87.6651388,3429,72,0.0,0.0,0.0
17031730100,41.725176899999994,-87.63842509999999,2548,73,8.943532641995036,17.982718028940674,16.383333333333333
17031730300,41.7274624,-87.66456409999999,983,73,1.5603904069151742,3.1374694794382956,24.35
17031031100,41.9726684,-87.66386609999999,4136,3,35.5796770760245,71.53988541558991,7.8
17031031200,41.9727096,-87.6573417,4860,3,39.263751683495606,78.94743649363403,6.033333333333333
17031031300,41.9729098,-87.64678570000001,7543,3,27.19764128641208,54.686166404679525,13.966666666666667
17031031400,41.9625704,-87.64052099999999,5260,3,15.191899364936956,30.54627891901597,16.1
17031570500,41.798601500000004,-87.7324552,2554,57,17.34359428103767,34.87268152852363,4.9
17031580100,41.8280546,-87.6907458,2996,58,8.571723073604133,17.23512231967469,17.1
17031580200,41.8267716,-87.6993472,3382,58,0.7486400427590156,1.5052869300096126,27.083333333333332
17031580400,41.815275299999996,-87.70918409999999,4051,58,9.209991135152011,18.51848483839567,15.716666666666667
17031580600,41.817398,-87.6920315,5824,58,2.3186964354881354,4.662191760591789,24.2
17031530300,41.6813143,-87.6517525,4453,53,0.0,0.0,0.0
17031500100,41.7146842,-87.5950238,3314,50,0.0,0.0,0.0
17031050600,41.950547,-87.6761819,2414,5,10.065487323443548,20.238626905820215,12.066666666666666
17031050700,41.94507120000001,-87.6760598,1753,5,7.070941863237056,14.217508764775962,19.2
17031050900,41.9449467,-87.6857782,1660,5,3.1002551887238736,6.233668183285713,22.5
17031051100,41.9413655,-87.68082729999999,1526,5,1.7136272576423262,3.4455820775105663,24.116666666666667
17031051200,41.9414205,-87.6759504,1562,5,2.9404975019579034,5.9124441715816065,23.983333333333334
17031051300,41.9359958,-87.67584029999999,2953,5,0.9212168409331789,1.8522862673107512,25.6
17031060100,41.9575315,-87.6666119,2596,6,27.562470919603115,55.41972759184066,16.266666666666666
17031060200,41.9579037,-87.67151740000001,2126,6,19.85993403706283,39.93227376226089,10.8
17031081800,41.8932558,-87.63779609999999,7488,8,10.170866701041067,20.45051271305742,13.3
17031090100,42.015255100000005,-87.8135847,3262,9,0.0,0.0,0.0
17031090200,42.0055985,-87.81322409999999,6406,9,0.0,0.0,0.0
17031090300,41.9992222,-87.8166186,1325,9,0.0,0.0,0.0
17031100100,41.989580600000004,-87.7830337,5666,10,0.0,0.0,0.0
17031100200,41.995616399999996,-87.794246,6605,10,0.0,0.0,0.0
17031260100,41.884359499999995,-87.72333470000001,1047,26,16.966832987204263,34.115129408748096,7.533333333333333
17031260200,41.8843255,-87.72823000000001,1266,26,11.832155108297085,23.79085731605636,11.866666666666667
17031491300,41.688896899999996,-87.6278035,2343,49,21.59337596716866,43.41769710630567,6.383333333333334
17031720400,41.7099921,-87.6866692,1974,72,0.0,0.0,0.0
17031530400,41.6740395,-87.6515265,2017,53,0.0,0.0,0.0
17031750600,41.6886313,-87.6520496,3705,75,0.0,0.0,0.0
17031040100,41.9833306,-87.6819933,3998,4,9.042688670149522,18.182090577412087,17.633333333333333
17031040600,41.9668334,-87.68401740000002,2684,4,31.151831333070426,62.63683729595711,12.15
17031040700,41.9668052,-87.69408440000001,3353,4,43.422949818077704,87.31031616038747,4.55
17031040900,41.963184600000005,-87.6838542,2118,4,21.885179800839637,44.00442566991926,7.333333333333333
17031980000,41.9802669,-87.90389549999999,5285,76,0.0,0.0,0.0
17031081600,41.8921057,-87.6288722,3177,8,9.9797467961095,20.066228840266007,7.916666666666667
17031081700,41.8920666,-87.63186759999999,3607,8,9.92811083980043,19.962404671491736,10.566666666666666
17031251300,41.8984251,-87.77038490000001,4735,25,18.932368279846106,38.06722175954261,15.95
17031251400,41.890998100000004,-87.77012950000001,4347,25,38.849927875358276,78.11536295476718,8.65
17031251500,41.891112,-87.76034609999999,4084,25,33.114038268112395,66.58223733414833,7.383333333333334
17031251900,41.8838195,-87.7601038,5999,25,27.391370479099773,55.075696759801026,6.7
17031260700,41.8770561,-87.72799499999999,2147,26,11.520924407670037,23.165067244575457,12.083333333333334
17031600900,41.8365098,-87.6531583,3658,60,0.0,0.0,0.0
17031611200,41.8049943,-87.6624419,2340,61,32.65529831741307,65.65985112365914,5.6
17031062400,41.9415552,-87.6662875,1622,6,16.38553728854592,32.946320945823174,18.416666666666668
17031062800,41.9361586,-87.6612646,3792,6,26.758191242655638,53.80256631721846,11.2
17031062900,41.9362374,-87.65641190000001,4176,6,29.985377155186463,60.291453495816135,6.45
17031063000,41.936310600000006,-87.65156230000001,3055,6,30.134278102341096,60.59084791344825,4.15
17031063100,41.9382318,-87.64677950000001,2399,6,30.153066649461792,60.62862595469546,6.716666666666667
17031063200,41.9391656,-87.6346431,6580,6,21.168438449614165,42.563277285415296,16.133333333333333
17031063400,41.9346593,-87.64672970000001,2158,6,29.888680654049633,60.09702630647892,5.666666666666667
17031271500,41.8717861,-87.7131559,1286,27,19.05746732192777,38.31875780122729,5.1
17031611600,41.7975952,-87.67674179999999,1529,61,14.107268695381737,28.365417253171838,15.466666666666667
17031580800,41.8102195,-87.6866438,1661,58,2.3573960588632956,4.740004907011575,24.633333333333333
17031600400,41.8417183,-87.6439319,4748,60,0.2743813109833493,0.5516971811179074,28.266666666666666
17031060300,41.95060529999999,-87.67133000000001,3176,6,10.684268092058469,21.482806418453055,16.8
17031060800,41.9538476,-87.6437623,4840,6,16.931574631079478,34.04423560182232,12.716666666666667
17031061100,41.9491399,-87.65680379999999,1309,6,28.608188086157778,57.52234606453184,12.366666666666667
17031061800,41.9464907,-87.6471157,1130,6,36.60228950177958,73.59604729718198,10.233333333333333
17031110200,41.9800697,-87.7734438,3017,11,0.0,0.0,0.0
17031251600,41.8914059,-87.7518025,3689,25,11.301145873869812,22.723159604680955,15.8
17031251700,41.8913846,-87.7444797,1805,25,2.6737143634537377,5.376024599289861,22.933333333333334
17031251800,41.8841437,-87.7478887,5069,25,10.22365376781682,20.55665141410559,17.9
17031570300,41.804145,-87.73079129999999,6337,57,18.045773812819856,36.28455053277382,5.55
17031570400,41.8049921,-87.7191304,1933,57,22.148725286954598,44.53433531013814,13.933333333333334
17031100600,41.9792044,-87.7973997,5254,10,0.0,0.0,0.0
17031100700,41.9721234,-87.7976294,4749,10,0.0,0.0,0.0
17031110100,41.9874835,-87.76969509999999,5923,11,0.0,0.0,0.0
17031260900,41.871030100000006,-87.7228148,1858,26,25.107042745860262,50.48260998336903,12.0
17031261000,41.87133789999999,-87.7320095,2594,26,2.8543695991495612,5.739267212026067,23.7
17031270500,41.8762324,-87.7177927,1929,27,21.44966775432875,43.128743694562246,9.066666666666666
17031520100,41.7203319,-87.5304964,2278,52,0.33310650865358893,0.6697756533693546,27.85
17031610300,41.8161779,-87.67510209999999,5717,61,7.419823679063576,14.919003752335334,21.9
17031610800,41.8127085,-87.63840959999999,1549,61,10.104220655770316,20.316507830666726,11.116666666666667
17031611000,41.8047713,-87.64993790000001,1188,61,25.600270456232234,51.474340566207346,12.35
17031611400,41.8048899,-87.6721633,3544,61,28.09672867714708,56.49395709300835,9.733333333333333
17031062200,41.9425846,-87.6566438,2987,6,31.57156380827879,63.48079136325926,10.916666666666666
17031062600,41.9359756,-87.6709851,2281,6,6.19863821352507,12.46357201558473,20.816666666666666
17031062700,41.9360864,-87.6661107,2757,6,16.415913068426445,33.00739738019943,16.0
17031120300,41.9911136,-87.7400663,6179,12,0.0,0.0,0.0
17031271800,41.8714966,-87.6984901,1230,27,17.273472887659963,34.731688780424655,18.0
17031520400,41.702990500000006,-87.5307271,3735,52,9.987050662881003,20.080914690022528,6.983333333333333
17031260500,41.8766639,-87.7377281,1837,26,3.0491523122919495,6.130915875654162,22.55
17031260600,41.8771076,-87.7328662,2592,26,8.779309180089195,17.652514704661147,17.05
17031580700,41.817487899999996,-87.6868465,6292,58,1.8438482234548181,3.7074167465837924,24.116666666666667
17031590500,41.8266631,-87.6799061,1842,59,9.978063666432913,20.062844579527905,8.083333333333334
17031590600,41.8268326,-87.67292490000001,3954,59,9.92400165893352,19.954142361304303,10.683333333333334
17031590700,41.8267821,-87.66385179999999,3234,59,7.287311553304072,14.652562258986332,19.25
17031600600,41.8422589,-87.6554666,2494,60,1.793436791690457,3.606054723416684,25.25
17031600700,41.8406931,-87.6606303,2200,60,5.229160527867937,10.514247900116052,21.05
17031060400,41.950673200000004,-87.66653640000001,4003,6,12.822568713669598,25.78227718451088,19.283333333333335
17031060500,41.9527204,-87.6605015,1235,6,19.408110429157244,39.0237942089317,13.433333333333334
17031060900,41.9506903,-87.64047099999999,6758,6,12.286310201203817,24.704024775053558,19.083333333333332
17031061000,41.949220700000005,-87.65197059999998,1716,6,30.41827231610197,61.161873711904256,10.816666666666666
17031061200,41.949060100000004,-87.66164300000001,2235,6,20.7617977546592,41.74564679764459,17.066666666666666
17031061500,41.9452805,-87.661542,1859,6,23.674105105743728,47.601409168572964,16.483333333333334
17031062000,41.942577,-87.64707879999999,2897,6,31.976652705226808,64.29530165824778,7.3
17031062100,41.942691499999995,-87.6517705,3372,6,35.79890277869403,71.98068148059124,5.466666666666667
17031260400,41.8842143,-87.73804059999999,1567,26,4.845634678331806,9.743094320753737,21.333333333333332
17031100300,41.9887029,-87.8044057,6029,10,0.0,0.0,0.0
17031100400,41.9889676,-87.81804179999999,3027,10,0.0,0.0,0.0
17031100500,41.9780599,-87.8197322,5156,10,0.0,0.0,0.0
17031260800,41.8770847,-87.723096,2494,26,18.030834223912922,36.25451157327809,7.35
17031271200,41.8773592,-87.703561,1104,27,12.917797565004179,25.973753377456,21.466666666666665
17031610400,41.810399,-87.6674502,1897,61,29.923523253695166,60.167084153853324,7.4
17031611100,41.805059299999996,-87.6575823,2658,61,37.211574091896594,74.82113288942384,10.066666666666666
17031611300,41.8049365,-87.6673042,2768,61,30.136828353587646,60.59597569135274,5.0
17031062300,41.941627399999994,-87.66144240000001,1716,6,25.69383055100815,51.662461398373395,13.666666666666666
17031062500,41.941488,-87.6711071,1342,6,8.260318548890215,16.60898274093911,21.166666666666668
17031070700,41.9292623,-87.67380209999999,3983,7,3.93648851299909,7.915078502764398,21.733333333333334
17031071100,41.9217778,-87.6510615,2932,7,19.205524170195016,38.61645499329005,13.883333333333333
17031071300,41.9217796,-87.6414582,3414,7,9.231817758047596,18.562371523978086,22.4
17031120400,41.9772359,-87.7521627,3754,12,0.0,0.0,0.0
17031130100,41.9911042,-87.7208088,5158,13,0.0,0.0,0.0
17031130200,41.980850700000005,-87.73606600000001,1598,13,0.0,0.0,0.0
17031140100,41.9710836,-87.7057923,4079,14,38.10377502449198,76.61507700952286,6.9
17031140200,41.9706951,-87.7130047,5895,14,25.128450491511483,50.525654434492694,8.233333333333333
17031140400,41.9715375,-87.73894399999999,7186,14,0.0,0.0,0.0
17031292400,41.8552404,-87.72240009999999,2124,29,26.68427614319047,53.653945582552396,4.266666666666667
17031292500,41.855161100000004,-87.7322429,4276,29,17.122015330213905,34.42715379878714,14.116666666666667
17031300600,41.8479902,-87.71733370000001,3398,30,46.94211096228762,94.38627653174855,5.366666666666666
17031300700,41.8480718,-87.7124498,4694,30,47.512577298877254,95.53331044849465,10.1
17031282700,41.8713668,-87.6886809,2402,28,19.781897103572927,39.77536527576388,16.516666666666666
17031282800,41.870268100000004,-87.68491340000001,1565,28,23.150448644007735,46.54849564185155,17.166666666666668
17031283100,41.869273799999995,-87.6640461,2758,28,23.593010357870646,47.438352349416064,11.916666666666666
17031283200,41.869572399999996,-87.6591987,1481,28,21.211505668641376,42.64987233538698,16.933333333333334
17031283800,41.863414,-87.65375429999999,3367,28,10.18581954209418,20.480578318579685,19.133333333333333
17031290900,41.8624104,-87.732457,3449,29,10.280234901462057,20.670418827143525,17.95
17031291600,41.8576408,-87.69221440000001,804,29,33.49605690317717,67.35036036462884,8.1
17031630200,41.8027457,-87.6940462,2217,63,6.547534606063193,13.165096312467945,19.5
17031630800,41.7899651,-87.69857209999999,7456,63,12.773844421804665,25.684307485417623,19.2
17031271300,41.8773047,-87.7084543,1169,27,21.630558504302137,43.49245985472257,16.766666666666666
17031280900,41.8786314,-87.6851291,790,28,10.380446397740604,20.871913600290945,6.033333333333333
17031611700,41.797599700000006,-87.6719773,1335,61,18.498017937996313,37.19387561815519,10.6
17031612100,41.7979125,-87.6476801,1068,61,15.165682364878915,30.49356452320835,18.45
17031070300,41.9290468,-87.6513113,3383,7,29.17011758377116,58.65221500024488,13.7
17031070600,41.9287626,-87.6656762,3083,7,9.8296510442286,19.76443203452259,17.15
17031300500,41.8474253,-87.7219395,3015,30,37.22276084035877,74.84362603070353,10.85
17031291200,41.862661200000005,-87.7128747,2368,29,27.74631235703307,55.78937668506525,12.166666666666666
17031620300,41.78950220000001,-87.7304431,7050,62,19.25410638223906,38.714139013171405,8.616666666666667
17031620400,41.789638200000006,-87.71816820000001,4907,62,10.76859955527416,21.652371285567742,6.2
17031630100,41.7992713,-87.6816683,1135,63,8.008823706251261,16.10330327154543,18.7
17031630300,41.7988621,-87.70863790000001,5332,63,10.497830115988299,21.107936477484362,15.983333333333333
17031630400,41.7972546,-87.6987812,6835,63,7.830157150585709,15.74405928817255,18.45
17031630500,41.79742720000001,-87.68901600000001,6663,63,7.2152824769731785,14.507733741957008,19.166666666666668
17031110300,41.9752907,-87.78323459999999,5314,11,0.0,0.0,0.0
17031110400,41.9729532,-87.7726109,4439,11,0.0,0.0,0.0
17031120100,42.001982299999995,-87.7750075,3993,12,0.0,0.0,0.0
17031120200,41.9945294,-87.7576156,4552,12,0.0,0.0,0.0
17031271400,41.87724229999999,-87.71333,1151,27,23.493213765275055,47.23769182110661,12.216666666666667
17031280100,41.8852961,-87.642804,6524,28,0.4427711710037352,0.8902778620292379,27.233333333333334
17031280800,41.8785974,-87.68890209999999,850,28,10.213258702011887,20.535750105333634,7.433333333333334
17031281900,41.8792477,-87.6426231,4820,28,0.0,0.0,0.0
17031550100,41.6650328,-87.5353298,6759,55,0.3489140853173689,0.7015598716692731,27.75
17031611500,41.8054484,-87.6786555,2978,61,15.404097674812515,30.972945039156468,14.633333333333333
17031611800,41.797647399999995,-87.6671129,2443,61,23.120657101194503,46.48859393013398,5.816666666666666
17031611900,41.797743200000006,-87.65982290000001,2154,61,26.829274708126967,53.94549349904464,8.333333333333334
17031612000,41.797847,-87.6525365,1586,61,15.644352288684019,31.45602383467809,15.416666666666666
17031620100,41.7980178,-87.71802590000001,4765,62,16.685701374108312,33.54985942766845,17.9
17031620200,41.7955212,-87.7292333,2443,62,19.675562249275874,39.5615582961266,10.133333333333333
17031070200,41.9290777,-87.6462928,3937,7,27.019954827670798,54.32889309747407,13.1
17031070400,41.9289673,-87.65615629999999,3440,7,24.99847379307382,50.26431091265413,15.533333333333333
17031070500,41.9289458,-87.6608928,3022,7,15.214184484143559,30.591087500923734,17.566666666666666
17031071000,41.921701,-87.655911,4277,7,16.76111597421666,33.70149520105913,9.166666666666666
17031071200,41.921854499999995,-87.64621,2016,7,17.834475084104096,35.85969319614073,18.616666666666667
17031130300,41.9865589,-87.7133913,5260,13,1.8138318634072392,3.6470629959353946,26.25
17031292200,41.8566511,-87.7157054,2866,29,31.436562937437227,63.20934576215463,8.466666666666667
17031630900,41.78981160000001,-87.7083658,5188,63,13.041195967858531,26.221869952033227,19.183333333333334
