geoid10,lon,lat,Pop2014,Pov14,community
17031842400,       -87.6300402,        41.7424751,5157,769,44
17031840300,       -87.6818817,        41.8320942,5881,1021,59
17031841100,       -87.6350976,        41.8510057,3363,2742,34
17031841200,       -87.6833421,        41.8555619,3710,1819,31
17031838200,       -87.6750794,        41.8704157,3296,361,28
17031650301,       -87.7299913,        41.7749274,5744,759,65
17031530503,       -87.6374120,        41.6635979,5147,1640,53
17031760803,       -87.8441545,        41.9753463,7343,1877,76
17031540102,       -87.6054491,        41.6673324,3268,1789,54
17031540101,       -87.5997933,        41.6502199,3922,2724,54
17031440201,       -87.6100747,        41.7482101,5343,1604,44
17031839000,       -87.6314037,        41.8710438,5898,1250,32
17031030601,       -87.6549376,        41.9888870,3538,1045,77
17031030604,       -87.6527318,        41.9859194,2961,515,77
17031020801,       -87.6944152,        41.9868083,4512,788,2
17031843300,       -87.6925502,        41.8637638,3652,762,29
17031080202,       -87.6308996,        41.9058593,3533,159,8
17031070102,       -87.6422022,        41.9305829,2656,272,7
17031031501,       -87.6524481,        41.9672843,3430,1526,3
17031031502,       -87.6523659,        41.9636328,4386,1394,3
17031834900,       -87.6567340,        41.7722941,3335,1161,67
17031834800,       -87.6450875,        41.7836301,5554,836,68
17031160502,       -87.7130880,        41.9555843,4568,562,16
17031140702,       -87.7135759,        41.9635485,6252,1605,14
17031842000,       -87.6251708,        41.8349602,7989,146,35
17031150402,       -87.7720435,        41.9567979,3695,423,15
17031834400,       -87.5963096,        41.7769448,4342,1051,42
17031040201,       -87.6940005,        41.9725805,6195,1100,4
17031040202,       -87.6940963,        41.9798550,6691,1660,4
17031020702,       -87.7053885,        41.9952892,8232,1486,2
17031020802,       -87.6946301,        41.9940590,7942,2070,2
17031020301,       -87.7051864,        42.0068653,5239,380,2
17031838700,       -87.7201859,        41.8625779,5504,2412,29
17031841500,       -87.7079129,        41.8616224,5079,1497,29
17031838600,       -87.7008245,        41.8678237,2361,608,29
17031837300,       -87.7055517,        41.8716187,4802,731,27
17031837800,       -87.6841277,        41.8847502,4698,1009,28
17031837400,       -87.6938017,        41.8759749,4542,795,27
17031836900,       -87.7061350,        41.8818825,6468,511,27
17031020601,       -87.7018025,        42.0008747,6697,1381,2
17031020602,       -87.6936373,        42.0013156,4102,1075,2
17031020302,       -87.6949637,        42.0085408,4651,455,2
17031020902,       -87.6786969,        41.9942499,4195,720,2
17031010701,       -87.6786213,        42.0091486,3946,565,1
17031030103,       -87.6546958,        41.9953806,2238,389,77
17031030102,       -87.6551308,        41.9933961,2956,511,77
17031010502,       -87.6633274,        42.0045171,3690,1540,1
17031010503,       -87.6631272,        42.0003202,2228,848,1
17031010702,       -87.6727255,        42.0090199,5274,2003,1
17031837100,       -87.6987204,        41.8856734,2744,508,27
17031837000,       -87.6986748,        41.8783238,6052,1082,27
17031010201,       -87.6801489,        42.0160078,7083,2321,1
17031020901,       -87.6860850,        41.9942356,5013,1386,2
17031040401,       -87.6860812,        41.9720665,2836,341,4
17031210602,       -87.7125727,        41.9341668,4126,1065,21
17031160501,       -87.7129733,        41.9592099,4498,743,16
17031191302,       -87.7705328,        41.9202287,5088,1179,19
17031190602,       -87.7707373,        41.9275605,5265,500,19
17031840200,       -87.6491923,        41.8445752,7491,521,60
17031530501,       -87.6321658,        41.6742779,5192,1991,53
17031831400,       -87.7560880,        41.8691184,3716,691,25
17031831300,       -87.7442598,        41.9077665,3310,335,25
17031833000,       -87.6572426,        41.8852883,5421,320,28
17031760801,       -87.8448472,        41.9834847,4399,999,76
17031020701,       -87.7036893,        41.9868914,1893,393,2
17031010501,       -87.6639579,        42.0094116,3831,813,1
17031252101,       -87.7695728,        41.8754878,1787,443,25
17031252102,       -87.7598119,        41.8765925,5888,2210,25
17031252202,       -87.7445832,        41.8767584,4871,1678,25
17031220601,       -87.7128832,        41.9258250,1596,250,22
17031210502,       -87.7220526,        41.9337847,4909,1310,21
17031220602,       -87.7119813,        41.9293312,4690,1117,22
17031220901,       -87.7212485,        41.9191817,3297,1394,22
17031220902,       -87.7218355,        41.9227111,3325,800,22
17031200401,       -87.7375424,        41.9198287,3814,779,20
17031200402,       -87.7296796,        41.9196351,4033,1066,20
17031191301,       -87.7802650,        41.9201520,5941,1348,19
17031190601,       -87.7804607,        41.9274146,4777,1191,19
17031190701,       -87.7614220,        41.9297961,3072,325,19
17031190702,       -87.7610390,        41.9261628,5090,1225,19
17031190401,       -87.7809526,        41.9347278,4183,570,19
17031190402,       -87.7712315,        41.9348595,4642,1050,19
17031832100,       -87.6532421,        41.9528219,4622,631,6
17031843800,       -87.6404755,        41.8016568,6713,533,61
17031842800,       -87.6983044,        41.8075338,8507,2421,58
17031980100,       -87.7509615,        41.7859902,7363,0,56
17031833300,       -87.6541256,        41.8716917,5349,966,28
17031832900,       -87.6618900,        41.8741749,3872,927,28
17031838000,       -87.6806501,        41.8773643,2319,1466,28
17031838100,       -87.6716801,        41.8786650,5269,485,28
17031833100,       -87.6570448,        41.8790765,5830,1002,28
17031839100,       -87.6327464,        41.8810269,5729,717,32
17031030706,       -87.6516049,        41.9802350,3460,415,77
17031150401,       -87.7722648,        41.9645676,4805,773,15
17031150501,       -87.7819639,        41.9644763,3743,265,15
17031842900,       -87.6729380,        41.8631386,6834,972,28
17031841900,       -87.6429689,        41.8678924,2992,693,28
17031843000,       -87.7227520,        41.8679347,5326,1553,29
17031842100,       -87.7336101,        41.8952785,7838,2329,23
17031080201,       -87.6310071,        41.9094993,3235,212,8
17031070101,       -87.6325582,        41.9304641,3988,654,7
17031063301,       -87.6430244,        41.9345410,2626,599,6
17031063303,       -87.6346600,        41.9347305,1157,54,6
17031081201,       -87.6262139,        41.8991547,4552,396,8
17031081202,       -87.6218104,        41.9061375,3221,222,8
17031040402,       -87.6788184,        41.9725452,4701,411,4
17031220702,       -87.7242312,        41.9293686,4426,1134,22
17031842200,       -87.6498855,        41.9049338,7962,396,8
17031842300,       -87.6560664,        41.9022009,6138,540,24
17031843700,       -87.6907877,        41.9448264,5594,201,5
17031835000,       -87.6860493,        41.7828495,4182,2276,66
17031835100,       -87.6862483,        41.7901577,5174,1162,63
17031834700,       -87.6450336,        41.7906904,2785,1148,68
17031151001,       -87.7543520,        41.9423823,2538,972,15
17031151002,       -87.7471564,        41.9424922,4685,895,15
17031160602,       -87.7006349,        41.9560930,3983,581,16
17031140601,       -87.7258914,        41.9646474,2969,480,14
17031140701,       -87.7126518,        41.9670371,2385,259,14
17031140602,       -87.7210165,        41.9646521,5614,1046,14
17031140301,       -87.7231696,        41.9692055,2748,428,14
17031841800,       -87.5994213,        41.7663066,3815,784,69
17031842500,       -87.6232158,        41.7769505,2957,1766,69
17031842600,       -87.6516948,        41.8162185,9358,1200,61
17031843500,       -87.6967541,        41.8382144,12552,415,30
17031843400,       -87.7320217,        41.8493273,4988,392,29
17031843200,       -87.6633947,        41.8474396,6194,770,31
17031140302,       -87.7237901,        41.9725490,4472,994,14
17031110501,       -87.7619251,        41.9770024,4636,242,11
17031110502,       -87.7598508,        41.9702868,3646,688,11
17031760802,       -87.8472170,        41.9578322,2401,321,76
17031150502,       -87.7818408,        41.9567782,4290,647,15
17031843100,       -87.7007125,        41.8607502,3376,594,29
17031834300,       -87.5917741,        41.7458447,5444,1149,45
17031843900,       -87.5760170,        41.7765990,2643,943,42
17031831200,       -87.7322498,        41.9153185,6231,1353,20
17031831600,       -87.7976149,        41.9256106,2598,926,18
17031831500,       -87.7880229,        41.9276422,5266,321,19
17031831100,       -87.7174958,        41.9428559,2593,1333,21
17031831700,       -87.7452543,        41.9526504,5050,430,15
17031440202,       -87.6097621,        41.7409600,3604,1054,44
17031440102,       -87.6011635,        41.7409356,3156,1182,44
17031430102,       -87.5616345,        41.7693827,3414,849,43
17031030702,       -87.6547956,        41.9806769,1460,124,77
17031030603,       -87.6583971,        41.9854759,2048,677,77
17031030701,       -87.6579669,        41.9827458,1734,368,77
17031840800,       -87.7073719,        41.8408334,5952,1054,30
17031836300,       -87.6017575,        41.8015319,6465,234,41
17031838300,       -87.6384040,        41.9015666,4535,461,8
17031839800,       -87.6431629,        41.8350677,7462,330,60
17031836600,       -87.7088055,        41.8986971,6715,463,23
17031730202,       -87.6485418,        41.7264117,3479,706,73
17031430101,       -87.5739526,        41.7698263,3913,1041,43
17031063302,       -87.6398547,        41.9347650,4186,321,6
17031836200,       -87.6012844,        41.7904690,1329,47,41
17031840100,       -87.6391999,        41.8418679,7773,405,60
17031580502,       -87.6993103,        41.8145618,4893,1259,58
17031841400,       -87.7144125,        41.8533108,6621,647,29
17031081401,       -87.6197531,        41.8950395,2516,288,8
17031081403,       -87.6099678,        41.8919084,7004,492,8
17031030703,       -87.6578702,        41.9788746,2579,457,77
17031836000,       -87.6116836,        41.8140032,2904,898,38
17031835800,       -87.6187180,        41.8130457,6676,502,38
17031835900,       -87.6214991,        41.8201666,6888,1697,38
17031834500,       -87.6247360,        41.7880823,3334,711,40
17031843600,       -87.6089486,        41.8067653,2469,753,38
17031834600,       -87.6343063,        41.7872470,5475,1402,68
17031831800,       -87.7164526,        41.9782332,2157,919,13
17031832600,       -87.6540548,        41.9147490,4342,405,7
17031061901,       -87.6434578,        41.9432357,3785,428,6
17031770602,       -87.9044885,        42.0123907,5640,954,76
17031839700,       -87.6523575,        41.8330800,4450,1521,60
17031839900,       -87.6487068,        41.8271229,9166,665,60
17031835200,       -87.7452868,        41.7966437,5453,278,56
17031838800,       -87.5723192,        41.6835098,3331,1386,51
17031833900,       -87.5477994,        41.7318649,6308,1001,46
17031836800,       -87.7138630,        41.8850451,5105,1246,27
17031836700,       -87.7021746,        41.8917040,4718,917,23
17031832200,       -87.6799713,        41.9204773,3454,243,22
17031831000,       -87.6769999,        41.9147880,3363,8,22
17031832400,       -87.6922571,        41.9157414,3017,620,22
17031770902,       -87.8361841,        41.9700657,4936,238,76
17031660301,       -87.6982875,        41.7799542,1790,737,66
17031660302,       -87.6983927,        41.7835957,5554,1245,66
17031252201,       -87.7521048,        41.8766957,3007,1135,25
17031070103,       -87.6426048,        41.9268108,1679,260,7
17031220701,       -87.7215648,        41.9261553,3459,851,22
17031834000,       -87.6294991,        41.7275362,3590,758,49
17031834200,       -87.5836069,        41.7555675,4893,1624,43
17031835500,       -87.6325417,        41.8163540,1457,522,37
17031839500,       -87.6192902,        41.8340977,6327,299,35
17031839200,       -87.6220367,        41.8420111,6197,493,35
17031840400,       -87.6676800,        41.8338481,3606,1078,59
17031841000,       -87.6173871,        41.8484486,5000,135,33
17031301802,       -87.7277605,        41.8451852,2897,770,30
17031730201,       -87.6579116,        41.7268303,5824,1497,73
17031580501,       -87.6994969,        41.8199863,5059,1409,58
17031700302,       -87.7313063,        41.7383651,5686,792,70
17031700402,       -87.7118233,        41.7382301,3840,449,70
17031700401,       -87.7120356,        41.7455372,6261,583,70
17031830500,       -87.7239510,        41.8300655,3163,1014,30
17031841700,       -87.7041821,        41.8531303,7009,742,30
17031841600,       -87.7076010,        41.8553761,4320,556,29
17031840700,       -87.6942665,        41.8529302,2658,1887,30
17031841300,       -87.6830306,        41.8440833,4487,1410,31
17031301801,       -87.7350489,        41.8416617,4246,1655,30
17031530502,       -87.6266737,        41.6648049,1495,302,53
17031071400,       -87.6294059,        41.9221530,4357,681,7
17031071600,       -87.6411838,        41.9164730,1715,173,7
17031832300,       -87.6714491,        41.9192070,4605,168,22
17031832500,       -87.6641188,        41.9218779,6735,826,7
17031832000,       -87.6542959,        41.9462930,4805,413,6
17031030104,       -87.6556420,        41.9972770,3688,712,77
17031030101,       -87.6546675,        41.9912706,3727,900,77
17031160601,       -87.7021494,        41.9595317,3999,511,16
17031210501,       -87.7223308,        41.9374016,4569,748,21
17031210601,       -87.7122130,        41.9376352,3066,455,21
17031700502,       -87.6887682,        41.7388519,3001,204,70
17031836100,       -87.6186823,        41.7998049,7204,615,40
17031835700,       -87.6275977,        41.8128444,5512,248,38
17031836400,       -87.5958325,        41.8211751,6477,825,36
17031836500,       -87.6006382,        41.8282771,1614,818,36
17031839600,       -87.6192499,        41.8274414,6725,419,35
17031840000,       -87.6382990,        41.8311665,5046,391,60
17031835600,       -87.6322010,        41.8018353,7385,405,37
17031830800,       -87.6765782,        41.9651416,5860,170,4
17031460301,       -87.5563646,        41.7400279,2639,885,46
17031301701,       -87.7196236,        41.8424797,3744,1111,30
17031310400,       -87.6522639,        41.8565082,1426,192,31
17031530100,       -87.6179399,        41.6818525,2091,842,53
17031081100,       -87.6291097,        41.9002069,3657,605,8
17031150700,       -87.7619588,        41.9495919,4621,505,15
17031640100,       -87.7399953,        41.7820943,1230,98,64
17031081300,       -87.6207537,        41.8983357,5053,363,8
17031301702,       -87.7195249,        41.8388064,3694,1582,30
17031700301,       -87.7317115,        41.7456224,5796,1207,70
17031490902,       -87.6153261,        41.7032800,4825,740,49
17031490901,       -87.6162675,        41.6960581,4215,1264,49
17031650302,       -87.7177499,        41.7750956,4148,615,65
17031831900,       -87.6687920,        41.9451696,4583,155,6
17031830900,       -87.6853720,        41.9286293,5237,292,22
17031830700,       -87.6591714,        41.9609726,2590,1219,3
17031830600,       -87.6735741,        42.0016981,4733,1170,1
17031700501,       -87.6903420,        41.7462130,7871,344,70
17031460302,       -87.5573907,        41.7470864,3506,1596,46
17031431302,       -87.5627858,        41.7583854,3401,1258,43
17031431301,       -87.5601862,        41.7535301,3421,1525,43
17031440101,       -87.6013955,        41.7486354,3747,1285,44
17031301803,       -87.7278709,        41.8395497,5054,1948,30
17031310200,       -87.6442091,        41.8563085,1526,293,31
17031310300,       -87.6489803,        41.8561398,1493,337,31
17031310500,       -87.6547505,        41.8552242,1722,686,31
17031510300,       -87.5749725,        41.7157378,6037,1556,51
17031491400,       -87.6168210,        41.6891230,2698,943,49
17031500200,       -87.6003019,        41.7008558,2091,815,50
17031530200,       -87.6323959,        41.6815614,4893,2625,53
17031740100,       -87.6986078,        41.6972861,2805,116,74
17031140500,       -87.7318313,        41.9653616,4121,651,14
17031140800,       -87.7027749,        41.9644941,7209,1256,14
17031150200,       -87.7524134,        41.9606751,7821,1457,15
17031150300,       -87.7622861,        41.9605182,7526,874,15
17031300900,       -87.7027004,        41.8481802,3963,1945,30
17031301100,       -87.6979675,        41.8470218,3182,1284,30
17031301200,       -87.6914771,        41.8484172,3518,1348,30
17031740400,       -87.7193159,        41.6872387,4809,275,74
17031640300,       -87.7716353,        41.7815321,6947,268,64
17031640600,       -87.7714293,        41.7760359,4432,901,64
17031010400,       -87.6571665,        42.0054401,4730,582,1
17031020400,       -87.6859115,        42.0084864,4294,530,2
17031160300,       -87.7308970,        41.9572688,3877,941,16
17031310700,       -87.6649064,        41.8559905,1241,402,31
17031071500,       -87.6267626,        41.9149142,5710,465,7
17031071700,       -87.6410697,        41.9128656,1813,152,7
17031071800,       -87.6459669,        41.9145860,2670,173,7
17031670500,       -87.6764039,        41.7865780,1040,381,67
17031670600,       -87.6715777,        41.7830057,1636,727,67
17031670700,       -87.6667311,        41.7830684,1547,618,67
17031670800,       -87.6618788,        41.7831441,1688,773,67
17031670900,       -87.6570231,        41.7832130,1496,433,67
17031671100,       -87.6617115,        41.7767815,1486,912,67
17031671200,       -87.6665833,        41.7766998,1063,536,67
17031671300,       -87.6713489,        41.7739014,2190,937,67
17031671400,       -87.6762295,        41.7737925,1864,654,67
17031671500,       -87.6696325,        41.7681724,3254,1362,67
17031671600,       -87.6615119,        41.7695000,2291,949,67
17031230500,       -87.7339496,        41.9117237,3710,1077,23
17031230600,       -87.7339953,        41.9061891,6933,2683,23
17031240600,       -87.6897104,        41.9121618,1340,291,24
17031241000,       -87.6945342,        41.9079977,2036,551,24
17031191000,       -87.7438010,        41.9192298,2901,824,19
17031080300,       -87.6357996,        41.9074905,4480,543,8
17031300800,       -87.7075819,        41.8481109,4674,1846,30
17031650200,       -87.7302269,        41.7822226,7628,1516,65
17031660500,       -87.7079434,        41.7752435,5702,1802,66
17031221400,       -87.6945317,        41.9208012,2799,473,22
17031161000,       -87.7306832,        41.9499768,1726,169,16
17031340600,       -87.6325391,        41.8274174,1066,733,34
17031670100,       -87.6572084,        41.7904938,1601,600,67
17031240500,       -87.6836369,        41.9119702,2154,129,24
17031240700,       -87.6945971,        41.9121161,1427,506,24
17031240800,       -87.6994836,        41.9121064,1816,414,24
17031240900,       -87.7018840,        41.9047423,1236,212,24
17031241100,       -87.6895810,        41.9066668,4015,871,24
17031190300,       -87.7614633,        41.9349863,5445,644,19
17031190800,       -87.7513629,        41.9278189,6881,1471,19
17031190900,       -87.7441045,        41.9279225,1864,394,19
17031191100,       -87.7509758,        41.9196291,7936,1960,19
17031191200,       -87.7608277,        41.9201436,3975,1382,19
17031080100,       -87.6267896,        41.9075536,6657,469,8
17031080400,       -87.6409020,        41.9074116,4907,2472,8
17031081000,       -87.6321081,        41.9002652,7427,1428,8
17031150600,       -87.7717574,        41.9494729,3868,418,15
17031301600,       -87.7122528,        41.8407576,4513,1691,30
17031821402,       -87.6521323,        41.6622753,4716,565,53
17031750300,       -87.6861729,        41.6953913,2657,72,75
17031750100,       -87.6520277,        41.6958342,4411,1187,75
17031740200,       -87.7127053,        41.7047146,6307,254,74
17031650400,       -87.7171801,        41.7653247,7284,1697,65
17031650500,       -87.7320579,        41.7622541,4163,794,65
17031660600,       -87.6933397,        41.7772867,6164,2491,66
17031020500,       -87.6841986,        42.0013131,6004,1383,2
17031221100,       -87.7103619,        41.9210210,4810,1365,22
17031221300,       -87.6997530,        41.9211252,2762,681,22
17031221500,       -87.6899519,        41.9216472,2574,384,22
17031221600,       -87.6850983,        41.9212507,3118,402,22
17031160800,       -87.7128144,        41.9502130,5388,341,16
17031160900,       -87.7226082,        41.9500821,2272,159,16
17031161100,       -87.7381513,        41.9498772,2026,139,16
17031161200,       -87.7385700,        41.9425489,2664,243,16
17031161300,       -87.7310023,        41.9426994,3943,577,16
17031330200,       -87.6305353,        41.8613413,3756,471,33
17031420600,       -87.6132786,        41.7830139,2056,1319,42
17031420700,       -87.6106927,        41.7766912,3050,1363,42
17031661000,       -87.6850445,        41.7618185,5717,1533,66
17031823304,       -87.7027695,        41.6814162,4073,896,75
17031640400,       -87.7912475,        41.7811783,3653,302,64
17031640500,       -87.7909877,        41.7756823,3183,224,64
17031640700,       -87.7519344,        41.7764108,3235,402,64
17031640800,       -87.7397411,        41.7748237,1772,251,64
17031650100,       -87.7178562,        41.7823762,4510,902,65
17031010100,       -87.6698437,        42.0212614,4189,1212,1
17031020100,       -87.6871148,        42.0157194,3990,733,2
17031151200,       -87.7714961,        41.9421693,3680,257,15
17031310800,       -87.6685739,        41.8559338,4734,883,31
17031660400,       -87.7080435,        41.7825318,5975,1709,66
17031670400,       -87.6717697,        41.7902996,1858,909,67
17031340400,       -87.6320359,        41.8418854,1740,746,34
17031420800,       -87.6032575,        41.7769101,2292,964,42
17031421200,       -87.6089667,        41.7706572,1707,657,42
17031661100,       -87.7026881,        41.7607874,6029,1295,66
17031222500,       -87.6995958,        41.9157073,1424,281,22
17031222800,       -87.7150963,        41.9154354,1014,447,22
17031230300,       -87.7149871,        41.9118164,1170,328,23
17031351500,       -87.6277476,        41.8272749,415,130,35
17031381500,       -87.6228605,        41.8101920,250,81,38
17031190200,       -87.7516483,        41.9351134,5694,1376,19
17031390600,       -87.5943501,        41.8060180,1976,201,39
17031010300,       -87.6665349,        42.0159406,6213,1432,1
17031010600,       -87.6676831,        42.0062785,6513,999,1
17031020200,       -87.6995194,        42.0156904,6255,977,2
17031150800,       -87.7521176,        41.9497083,5451,455,15
17031151100,       -87.7617169,        41.9422900,5391,1019,15
17031160100,       -87.7427941,        41.9646280,2626,199,16
17031160200,       -87.7384019,        41.9587909,3822,121,16
17031160400,       -87.7228233,        41.9573655,5090,1461,16
17031310600,       -87.6595659,        41.8563349,5141,1868,31
17031310900,       -87.6746741,        41.8557716,5065,1481,31
17031320400,       -87.6173670,        41.8777215,2523,70,32
17031320600,       -87.6168817,        41.8711374,4451,730,32
17031740300,       -87.7107235,        41.6950695,4436,42,74
17031660700,       -87.6810954,        41.7738453,2677,1159,66
17031221200,       -87.7046502,        41.9210832,3065,420,22
17031160700,       -87.7019832,        41.9504190,6008,1051,16
17031222200,       -87.6838270,        41.9159099,1964,105,22
17031330100,       -87.6152944,        41.8593899,17582,1547,33
17031340300,       -87.6357897,        41.8428079,1734,413,34
17031340500,       -87.6329165,        41.8345180,1688,534,34
17031350400,       -87.6283676,        41.8419282,1379,981,35
17031750500,       -87.6712331,        41.6846160,6369,1524,75
17031750400,       -87.6850709,        41.6856567,3187,118,75
17031750200,       -87.6714255,        41.6956651,2875,203,75
17031430200,       -87.5813483,        41.7697314,4927,2273,43
17031660800,       -87.6932658,        41.7736413,6517,2264,66
17031660900,       -87.6979986,        41.7681040,4357,1985,66
17031670200,       -87.6620627,        41.7904248,985,359,67
17031670300,       -87.6669167,        41.7903576,1381,710,67
17031222600,       -87.7044789,        41.9156384,1554,258,22
17031222700,       -87.7101899,        41.9154902,2660,778,22
17031222900,       -87.7200740,        41.9155641,878,263,22
17031230100,       -87.7043673,        41.9120282,1646,471,23
17031230200,       -87.7100960,        41.9118826,1972,540,23
17031230400,       -87.7215416,        41.9118329,2666,639,23
17031170400,       -87.8127105,        41.9489080,3720,579,17
17031380700,       -87.6237685,        41.8138063,1216,329,38
17031381900,       -87.6138886,        41.8039557,1293,369,38
17031390200,       -87.5994765,        41.8130410,1637,374,39
17031171000,       -87.7965238,        41.9418071,7949,657,17
17031180100,       -87.7986731,        41.9344789,5918,929,18
17031390300,       -87.6042099,        41.8132011,2909,1222,39
17031390500,       -87.5991986,        41.8059781,1643,280,39
17031390700,       -87.5825422,        41.8063786,6142,1116,39
17031400300,       -87.6131837,        41.7931041,1329,436,40
17031400400,       -87.6183216,        41.7911264,1661,791,40
17031400500,       -87.6231791,        41.7910414,2422,1254,40
17031400800,       -87.6205573,        41.7828630,2839,1743,40
17031410100,       -87.5793225,        41.8014966,1956,551,41
17031440300,       -87.6195319,        41.7437381,4455,515,44
17031440700,       -87.6096292,        41.7347513,1501,316,44
17031671800,       -87.6564479,        41.7614010,1139,425,67
17031680500,       -87.6523520,        41.7905638,1285,808,68
17031681100,       -87.6493597,        41.7687666,3583,1705,68
17031200100,       -87.7376038,        41.9350479,4603,594,20
17031410200,       -87.5942689,        41.8016680,1248,362,41
17031170600,       -87.8307019,        41.9412943,2774,173,17
17031380500,       -87.6277934,        41.8200985,820,275,38
17031381700,       -87.6274480,        41.8055511,1532,0,38
17031430300,       -87.5893542,        41.7696915,2262,930,43
17031430700,       -87.5592310,        41.7651427,2480,860,43
17031430800,       -87.5712980,        41.7607499,1692,433,43
17031430900,       -87.5811855,        41.7606411,1345,470,43
17031431200,       -87.5711849,        41.7553014,3291,436,43
17031431400,       -87.5472256,        41.7596848,5850,1895,43
17031230800,       -87.7149581,        41.9058660,1195,179,23
17031231100,       -87.7150697,        41.8992549,1227,325,23
17031170900,       -87.8116065,        41.9361962,1729,199,17
17031210100,       -87.7013313,        41.9428683,3447,680,21
17031420200,       -87.5935153,        41.7834579,1707,380,42
17031420300,       -87.5986976,        41.7832244,2275,447,42
17031440600,       -87.6191607,        41.7326911,2056,420,44
17031440800,       -87.6033279,        41.7317123,1777,804,44
17031440900,       -87.6090058,        41.7286691,2480,343,44
17031450300,       -87.5790893,        41.7419438,3716,669,45
17031671900,       -87.6612804,        41.7613257,1313,265,67
17031672000,       -87.6711282,        41.7611984,4148,523,67
17031680600,       -87.6521646,        41.7832808,1594,904,68
17031680900,       -87.6376322,        41.7764282,3389,1690,68
17031681000,       -87.6495529,        41.7760396,2873,1612,68
17031240200,       -87.6701822,        41.9124419,1469,149,24
17031240300,       -87.6750718,        41.9123664,1402,58,24
17031200200,       -87.7356285,        41.9278524,4968,928,20
17031410500,       -87.6037453,        41.7978267,2630,717,41
17031410600,       -87.5989457,        41.7979713,2365,703,41
17031170100,       -87.7948171,        41.9558597,1871,214,17
17031170200,       -87.7815193,        41.9493531,4366,465,17
17031170300,       -87.7968278,        41.9491247,4918,733,17
17031170500,       -87.8288962,        41.9500781,4888,309,17
17031351400,       -87.6240873,        41.8273997,1551,992,35
17031381200,       -87.6139995,        41.8085116,1946,344,38
17031381400,       -87.6214304,        41.8076205,1746,615,38
17031381800,       -87.6211977,        41.8038481,1102,338,38
17031390100,       -87.5906302,        41.8138433,1386,130,39
17031430400,       -87.5903215,        41.7621777,3119,1487,43
17031430500,       -87.5812727,        41.7642837,3661,1481,43
17031430600,       -87.5713749,        41.7643855,1742,425,43
17031230700,       -87.7215392,        41.9063397,5177,1217,23
17031230900,       -87.7103555,        41.9067178,5155,2036,23
17031231200,       -87.7213146,        41.8990610,5102,2385,23
17031170700,       -87.8221634,        41.9414863,2831,490,17
17031170800,       -87.8123711,        41.9415761,3750,401,17
17031171100,       -87.7812864,        41.9420528,4257,496,17
17031190100,       -87.7443886,        41.9352175,2720,807,19
17031390400,       -87.6040595,        41.8059250,2524,909,39
17031242200,       -87.6747175,        41.8995887,3875,536,24
17031200300,       -87.7341247,        41.9234797,2401,733,20
17031210400,       -87.7302982,        41.9357582,3128,702,21
17031210700,       -87.7038402,        41.9357030,3978,490,21
17031210800,       -87.6989320,        41.9357449,1028,148,21
17031210900,       -87.6933374,        41.9354394,3223,524,21
17031220300,       -87.6950871,        41.9284651,2409,275,22
17031420100,       -87.5774016,        41.7834164,1224,494,42
17031420400,       -87.6035575,        41.7831695,1216,568,42
17031420500,       -87.6084262,        41.7831003,2099,953,42
17031470100,       -87.5964896,        41.7282208,2618,836,47
17031480100,       -87.5756026,        41.7352478,2045,279,48
17031691000,       -87.6200151,        41.7619654,2703,710,69
17031691300,       -87.6198475,        41.7546812,2842,327,69
17031242300,       -87.6796000,        41.8995064,3003,181,24
17031411100,       -87.5897018,        41.7904493,2246,154,41
17031460400,       -87.5636924,        41.7444907,3154,603,46
17031681200,       -87.6384973,        41.7691892,2375,1101,68
17031690500,       -87.6121077,        41.7681653,952,321,69
17031241400,       -87.6753114,        41.9060239,5238,821,24
17031241500,       -87.6709377,        41.9083761,2881,376,24
17031241600,       -87.6653283,        41.9067100,3438,536,24
17031242000,       -87.6649538,        41.8997372,4786,902,24
17031243300,       -87.6647382,        41.8924779,2353,295,24
17031491200,       -87.6374383,        41.6887765,2746,599,49
17031710800,       -87.6488119,        41.7478364,4917,381,71
17031711300,       -87.6672852,        41.7335043,1580,436,71
17031010202,       -87.6733224,        42.0160507,2502,688,1
17031480200,       -87.5898834,        41.7351234,1157,252,48
17031480300,       -87.5879739,        41.7291949,1192,291,48
17031480400,       -87.5756383,        41.7284496,6106,714,48
17031480500,       -87.5590500,        41.7275503,2900,498,48
17031691100,       -87.6298715,        41.7617133,3209,1673,69
17031691200,       -87.6321808,        41.7544390,2975,1275,69
17031691400,       -87.6101681,        41.7548453,2716,598,69
17031691500,       -87.6002990,        41.7550432,2124,1025,69
17031700100,       -87.6953091,        41.7535931,3486,804,70
17031410700,       -87.5941976,        41.7980397,1959,453,41
17031410800,       -87.5896261,        41.7979597,3201,741,41
17031410900,       -87.5766591,        41.7978743,2923,607,41
17031411000,       -87.5768734,        41.7907158,3313,465,41
17031411200,       -87.5940174,        41.7905558,1691,289,41
17031530600,       -87.6189952,        41.6703911,2872,1108,53
17031460100,       -87.5357425,        41.7461567,3614,1004,46
17031460200,       -87.5470112,        41.7413869,2626,949,46
17031460500,       -87.5726043,        41.7468819,4798,626,46
17031460600,       -87.5595147,        41.7356329,1107,385,46
17031460700,       -87.5492809,        41.7355798,2901,1684,46
17031461000,       -87.5465283,        41.7274055,2034,840,46
17031681300,       -87.6398624,        41.7611735,2409,1176,68
17031681400,       -87.6491923,        41.7615307,2898,1162,68
17031690300,       -87.6290135,        41.7686688,2284,715,69
17031690400,       -87.6202083,        41.7692585,3581,1330,69
17031690900,       -87.6103453,        41.7621426,4442,1926,69
17031241200,       -87.6846858,        41.9067071,1952,337,24
17031241300,       -87.6810221,        41.9067702,1878,357,24
17031242100,       -87.6698370,        41.8996697,3311,277,24
17031243100,       -87.6745074,        41.8923550,2594,378,24
17031243200,       -87.6696249,        41.8924333,2190,297,24
17031243400,       -87.6598474,        41.8925575,2955,376,24
17031243500,       -87.6525168,        41.8926534,3198,424,24
17031250200,       -87.7510730,        41.9123509,2968,840,25
17031491000,       -87.6280508,        41.6997589,5536,2759,49
17031491100,       -87.6376954,        41.6997570,4577,789,49
17031510100,       -87.5498630,        41.7131178,3646,683,51
17031510200,       -87.5600417,        41.7142535,2655,597,51
17031520200,       -87.5397944,        41.7138018,3987,1528,52
17031710900,       -87.6396905,        41.7421471,2491,1301,71
17031711000,       -87.6485812,        41.7396437,3445,1094,71
17031711100,       -87.6583000,        41.7395016,3136,970,71
17031711200,       -87.6698254,        41.7405562,4928,1139,71
17031711400,       -87.6521236,        41.7336571,2249,964,71
17031081402,       -87.6089208,        41.8929749,4389,245,8
17031061902,       -87.6357069,        41.9449281,4045,501,6
17031030200,       -87.6652300,        41.9944415,5274,542,77
17031030300,       -87.6725351,        41.9943877,3049,719,77
17031030400,       -87.6720794,        41.9869519,2683,691,77
17031030500,       -87.6649356,        41.9872259,6269,914,77
17031030800,       -87.6641880,        41.9799123,4405,545,77
17031242400,       -87.6844898,        41.8994219,2926,227,24
17031242500,       -87.6893190,        41.8994455,3928,540,24
17031242600,       -87.6941976,        41.9005604,5999,1185,24
17031242700,       -87.6993740,        41.8974253,1689,553,24
17031242800,       -87.6903235,        41.8926319,1515,192,24
17031242900,       -87.6842903,        41.8921959,1818,334,24
17031243000,       -87.6793978,        41.8922752,2398,405,24
17031220400,       -87.6999701,        41.9284324,2565,279,22
17031220500,       -87.7049098,        41.9283960,2682,384,22
17031221000,       -87.7152519,        41.9209601,3254,620,22
17031810400,       -87.8294384,        41.9875747,7282,358,10
17031520500,       -87.5308704,        41.6931169,4613,580,52
17031720500,       -87.6891007,        41.7028351,2189,50,72
17031490300,       -87.6191477,        41.7253816,2290,463,49
17031490400,       -87.6108246,        41.7236543,972,117,49
17031710100,       -87.6419710,        41.7533917,1406,871,71
17031710300,       -87.6611048,        41.7540481,1365,421,71
17031710600,       -87.6609455,        41.7476611,1803,597,71
17031031800,       -87.6706203,        41.9670111,1717,368,3
17031350100,       -87.6084201,        41.8417493,1989,500,35
17031351100,       -87.6142003,        41.8277472,1656,1219,35
17031251200,       -87.7606044,        41.8985493,4375,1002,25
17031570100,       -87.7189133,        41.8162007,1296,179,57
17031030900,       -87.6714465,        41.9797956,3207,128,77
17031250600,       -87.7706302,        41.9056934,4450,717,25
17031560100,       -87.7412503,        41.8153661,1263,300,56
17031490500,       -87.6132066,        41.7179274,2340,159,49
17031490600,       -87.6283323,        41.7179514,1452,258,49
17031490700,       -87.6283644,        41.7107317,2888,892,49
17031490800,       -87.6153369,        41.7106826,3769,880,49
17031700200,       -87.7238224,        41.7529903,6868,1020,70
17031710200,       -87.6514277,        41.7551121,5845,2588,71
17031710400,       -87.6709327,        41.7539188,5092,1268,71
17031710500,       -87.6707872,        41.7475315,4136,1154,71
17031710700,       -87.6568837,        41.7471100,2695,758,71
17031031900,       -87.6701855,        41.9633747,2355,323,3
17031032100,       -87.6530180,        41.9581539,6767,1289,3
17031251000,       -87.7448925,        41.8986946,1284,403,25
17031280400,       -87.6718843,        41.8860096,1366,681,28
17031320100,       -87.6209319,        41.8850463,10534,953,32
17031351000,       -87.6059742,        41.8347834,4022,1050,35
17031360200,       -87.6099042,        41.8268753,1616,857,36
17031380100,       -87.6101003,        41.8201967,1822,630,38
17031231500,       -87.7186562,        41.8917320,6965,3052,23
17031251100,       -87.7520109,        41.8986247,4346,1452,25
17031550200,       -87.5640100,        41.6534293,2579,202,55
17031560800,       -87.7721661,        41.7962056,5937,305,56
17031560900,       -87.7916514,        41.7957701,5377,315,56
17031561000,       -87.7915031,        41.7885020,4892,392,56
17031561100,       -87.7719094,        41.7888695,5816,193,56
17031570200,       -87.7307143,        41.8143802,1878,178,57
17031730400,       -87.6526427,        41.7178213,3801,529,73
17031730500,       -87.6381391,        41.7142498,4323,384,73
17031730600,       -87.6504856,        41.7106003,3218,367,73
17031730700,       -87.6500796,        41.7030819,2259,541,73
17031250300,       -87.7608381,        41.9128389,4775,1738,25
17031250400,       -87.7753960,        41.9129080,5963,1757,25
17031250500,       -87.7967956,        41.9146187,7663,1149,25
17031250700,       -87.7608104,        41.9058215,5813,2160,25
17031250800,       -87.7514677,        41.9061818,2438,668,25
17031500300,       -87.6053696,        41.6893150,1565,292,50
17031520300,       -87.5395566,        41.7011231,6116,1510,52
17031520600,       -87.5404040,        41.6895296,3010,393,52
17031560200,       -87.7477803,        41.8113396,1510,257,56
17031560300,       -87.7479499,        41.8039074,3174,237,56
17031560400,       -87.7405763,        41.8040083,1417,177,56
17031560700,       -87.7575200,        41.7964626,3486,300,56
17031711500,       -87.6386881,        41.7324407,2523,583,71
17031720600,       -87.6772070,        41.7027765,1709,68,72
17031031000,       -87.6711096,        41.9724372,3522,278,3
17031031700,       -87.6631946,        41.9654462,6525,1862,3
17031580300,       -87.7089342,        41.8251877,2334,498,58
17031050500,       -87.6835074,        41.9504475,5365,90,5
17031050800,       -87.6809269,        41.9450090,1427,61,5
17031051000,       -87.6857323,        41.9413027,1610,149,5
17031051400,       -87.6809906,        41.9357490,2174,189,5
17031081900,       -87.6414908,        41.8979829,1152,291,8
17031252000,       -87.7698735,        41.8836936,6368,1962,25
17031260300,       -87.7331362,        41.8842762,1483,616,26
17031040300,       -87.7019751,        41.9768015,2656,210,4
17031040800,       -87.6923050,        41.9631635,1815,91,4
17031050100,       -87.6763730,        41.9578451,2406,70,5
17031050200,       -87.6837165,        41.9577404,5120,169,5
17031050300,       -87.6915181,        41.9576779,2566,232,5
17031380200,       -87.6149851,        41.8205736,1752,509,38
17031081500,       -87.6262292,        41.8925587,4400,477,8
17031720100,       -87.6747275,        41.7275945,3685,39,72
17031720200,       -87.6660501,        41.7130246,4344,375,72
17031720300,       -87.6771450,        41.7139027,3672,8,72
17031720700,       -87.6651388,        41.7031071,3429,181,72
17031730100,       -87.6384251,        41.7251769,2548,520,73
17031730300,       -87.6645641,        41.7274624,983,214,73
17031031100,       -87.6638661,        41.9726684,4136,403,3
17031031200,       -87.6573417,        41.9727096,4860,2021,3
17031031300,       -87.6467857,        41.9729098,7543,1572,3
17031031400,       -87.6405210,        41.9625704,5260,436,3
17031570500,       -87.7324552,        41.7986015,2554,376,57
17031580100,       -87.6907458,        41.8280546,2996,990,58
17031580200,       -87.6993472,        41.8267716,3382,763,58
17031580400,       -87.7091841,        41.8152753,4051,1042,58
17031580600,       -87.6920315,        41.8173980,5824,1336,58
17031530300,       -87.6517525,        41.6813143,4453,1100,53
17031500100,       -87.5950238,        41.7146842,3314,715,50
17031050600,       -87.6761819,        41.9505470,2414,266,5
17031050700,       -87.6760598,        41.9450712,1753,12,5
17031050900,       -87.6857782,        41.9449467,1660,138,5
17031051100,       -87.6808273,        41.9413655,1526,85,5
17031051200,       -87.6759504,        41.9414205,1562,140,5
17031051300,       -87.6758403,        41.9359958,2953,143,5
17031060100,       -87.6666119,        41.9575315,2596,297,6
17031060200,       -87.6715174,        41.9579037,2126,397,6
17031081800,       -87.6377961,        41.8932558,7488,394,8
17031090100,       -87.8135847,        42.0152551,3262,74,9
17031090200,       -87.8132241,        42.0055985,6406,117,9
17031090300,       -87.8166186,        41.9992222,1325,78,9
17031100100,       -87.7830337,        41.9895806,5666,291,10
17031100200,       -87.7942460,        41.9956164,6605,177,10
17031260100,       -87.7233347,        41.8843595,1047,566,26
17031260200,       -87.7282300,        41.8843255,1266,634,26
17031491300,       -87.6278035,        41.6888969,2343,1023,49
17031720400,       -87.6866692,        41.7099921,1974,35,72
17031530400,       -87.6515265,        41.6740395,2017,414,53
17031750600,       -87.6520496,        41.6886313,3705,1301,75
17031040100,       -87.6819933,        41.9833306,3998,509,4
17031040600,       -87.6840174,        41.9668334,2684,216,4
17031040700,       -87.6940844,        41.9668052,3353,309,4
17031040900,       -87.6838542,        41.9631846,2118,128,4
17031980000,       -87.9038955,        41.9802669,5285,0,76
17031081600,       -87.6288722,        41.8921057,3177,499,8
17031081700,       -87.6318676,        41.8920666,3607,163,8
17031251300,       -87.7703849,        41.8984251,4735,1498,25
17031251400,       -87.7701295,        41.8909981,4347,1325,25
17031251500,       -87.7603461,        41.8911120,4084,1285,25
17031251900,       -87.7601038,        41.8838195,5999,2905,25
17031260700,       -87.7279950,        41.8770561,2147,1033,26
17031600900,       -87.6531583,        41.8365098,3658,631,60
17031611200,       -87.6624419,        41.8049943,2340,970,61
17031062400,       -87.6662875,        41.9415552,1622,27,6
17031062800,       -87.6612646,        41.9361586,3792,294,6
17031062900,       -87.6564119,        41.9362374,4176,539,6
17031063000,       -87.6515623,        41.9363106,3055,481,6
17031063100,       -87.6467795,        41.9382318,2399,295,6
17031063200,       -87.6346431,        41.9391656,6580,849,6
17031063400,       -87.6467297,        41.9346593,2158,424,6
17031271500,       -87.7131559,        41.8717861,1286,686,27
17031611600,       -87.6767418,        41.7975952,1529,544,61
17031580800,       -87.6866438,        41.8102195,1661,591,58
17031600400,       -87.6439319,        41.8417183,4748,999,60
17031060300,       -87.6713300,        41.9506053,3176,108,6
17031060800,       -87.6437623,        41.9538476,4840,323,6
17031061100,       -87.6568038,        41.9491399,1309,182,6
17031061800,       -87.6471157,        41.9464907,1130,216,6
17031110200,       -87.7734438,        41.9800697,3017,436,11
17031251600,       -87.7518025,        41.8914059,3689,1342,25
17031251700,       -87.7444797,        41.8913846,1805,996,25
17031251800,       -87.7478887,        41.8841437,5069,2005,25
17031570300,       -87.7307913,        41.8041450,6337,1119,57
17031570400,       -87.7191304,        41.8049921,1933,270,57
17031100600,       -87.7973997,        41.9792044,5254,300,10
17031100700,       -87.7976294,        41.9721234,4749,658,10
17031110100,       -87.7696951,        41.9874835,5923,424,11
17031260900,       -87.7228148,        41.8710301,1858,729,26
17031261000,       -87.7320095,        41.8713379,2594,1072,26
17031270500,       -87.7177927,        41.8762324,1929,960,27
17031520100,       -87.5304964,        41.7203319,2278,874,52
17031610300,       -87.6751021,        41.8161779,5717,1746,61
17031610800,       -87.6384096,        41.8127085,1549,244,61
17031611000,       -87.6499379,        41.8047713,1188,646,61
17031611400,       -87.6721633,        41.8048899,3544,1328,61
17031062200,       -87.6566438,        41.9425846,2987,324,6
17031062600,       -87.6709851,        41.9359756,2281,79,6
17031062700,       -87.6661107,        41.9360864,2757,437,6
17031120300,       -87.7400663,        41.9911136,6179,268,12
17031271800,       -87.6984901,        41.8714966,1230,520,27
17031520400,       -87.5307271,        41.7029905,3735,447,52
17031260500,       -87.7377281,        41.8766639,1837,804,26
17031260600,       -87.7328662,        41.8771076,2592,1243,26
17031580700,       -87.6868465,        41.8174879,6292,1603,58
17031590500,       -87.6799061,        41.8266631,1842,463,59
17031590600,       -87.6729249,        41.8268326,3954,620,59
17031590700,       -87.6638518,        41.8267821,3234,852,59
17031600600,       -87.6554666,        41.8422589,2494,635,60
17031600700,       -87.6606303,        41.8406931,2200,462,60
17031060400,       -87.6665364,        41.9506732,4003,412,6
17031060500,       -87.6605015,        41.9527204,1235,327,6
17031060900,       -87.6404710,        41.9506903,6758,503,6
17031061000,       -87.6519706,        41.9492207,1716,254,6
17031061200,       -87.6616430,        41.9490601,2235,300,6
17031061500,       -87.6615420,        41.9452805,1859,108,6
17031062000,       -87.6470788,        41.9425770,2897,263,6
17031062100,       -87.6517705,        41.9426915,3372,454,6
17031260400,       -87.7380406,        41.8842143,1567,1013,26
17031100300,       -87.8044057,        41.9887029,6029,458,10
17031100400,       -87.8180418,        41.9889676,3027,197,10
17031100500,       -87.8197322,        41.9780599,5156,69,10
17031260800,       -87.7230960,        41.8770847,2494,1289,26
17031271200,       -87.7035610,        41.8773592,1104,514,27
17031610400,       -87.6674502,        41.8103990,1897,786,61
17031611100,       -87.6575823,        41.8050593,2658,1214,61
17031611300,       -87.6673042,        41.8049365,2768,1056,61
17031062300,       -87.6614424,        41.9416274,1716,200,6
17031062500,       -87.6711071,        41.9414880,1342,140,6
17031070700,       -87.6738021,        41.9292623,3983,498,7
17031071100,       -87.6510615,        41.9217778,2932,351,7
17031071300,       -87.6414582,        41.9217796,3414,233,7
17031120400,       -87.7521627,        41.9772359,3754,418,12
17031130100,       -87.7208088,        41.9911042,5158,520,13
17031130200,       -87.7360660,        41.9808507,1598,131,13
17031140100,       -87.7057923,        41.9710836,4079,1742,14
17031140200,       -87.7130047,        41.9706951,5895,839,14
17031140400,       -87.7389440,        41.9715375,7186,711,14
17031292400,       -87.7224001,        41.8552404,2124,1059,29
17031292500,       -87.7322429,        41.8551611,4276,1643,29
17031300600,       -87.7173337,        41.8479902,3398,875,30
17031300700,       -87.7124498,        41.8480718,4694,2083,30
17031282700,       -87.6886809,        41.8713668,2402,881,28
17031282800,       -87.6849134,        41.8702681,1565,119,28
17031283100,       -87.6640461,        41.8692738,2758,1034,28
17031283200,       -87.6591987,        41.8695724,1481,462,28
17031283800,       -87.6537543,        41.8634140,3367,792,28
17031290900,       -87.7324570,        41.8624104,3449,1690,29
17031291600,       -87.6922144,        41.8576408,804,205,29
17031630200,       -87.6940462,        41.8027457,2217,571,63
17031630800,       -87.6985721,        41.7899651,7456,2184,63
17031271300,       -87.7084543,        41.8773047,1169,615,27
17031280900,       -87.6851291,        41.8786314,790,455,28
17031611700,       -87.6719773,        41.7975997,1335,574,61
17031612100,       -87.6476801,        41.7979125,1068,355,61
17031070300,       -87.6513113,        41.9290468,3383,646,7
17031070600,       -87.6656762,        41.9287626,3083,116,7
17031300500,       -87.7219395,        41.8474253,3015,720,30
17031291200,       -87.7128747,        41.8626612,2368,965,29
17031620300,       -87.7304431,        41.7895022,7050,933,62
17031620400,       -87.7181682,        41.7896382,4907,825,62
17031630100,       -87.6816683,        41.7992713,1135,321,63
17031630300,       -87.7086379,        41.7988621,5332,1096,63
17031630400,       -87.6987812,        41.7972546,6835,1955,63
17031630500,       -87.6890160,        41.7974272,6663,1160,63
17031110300,       -87.7832346,        41.9752907,5314,342,11
17031110400,       -87.7726109,        41.9729532,4439,251,11
17031120100,       -87.7750075,        42.0019823,3993,168,12
17031120200,       -87.7576156,        41.9945294,4552,66,12
17031271400,       -87.7133300,        41.8772423,1151,424,27
17031280100,       -87.6428040,        41.8852961,6524,511,28
17031280800,       -87.6889021,        41.8785974,850,310,28
17031281900,       -87.6426231,        41.8792477,4820,1056,28
17031550100,       -87.5353298,        41.6650328,6759,1392,55
17031611500,       -87.6786555,        41.8054484,2978,618,61
17031611800,       -87.6671129,        41.7976474,2443,1309,61
17031611900,       -87.6598229,        41.7977432,2154,927,61
17031612000,       -87.6525365,        41.7978470,1586,631,61
17031620100,       -87.7180259,        41.7980178,4765,925,62
17031620200,       -87.7292333,        41.7955212,2443,384,62
17031070200,       -87.6462928,        41.9290777,3937,411,7
17031070400,       -87.6561563,        41.9289673,3440,455,7
17031070500,       -87.6608928,        41.9289458,3022,181,7
17031071000,       -87.6559110,        41.9217010,4277,559,7
17031071200,       -87.6462100,        41.9218545,2016,351,7
17031130300,       -87.7133913,        41.9865589,5260,599,13
17031292200,       -87.7157054,        41.8566511,2866,1257,29
17031630900,       -87.7083658,        41.7898116,5188,1327,63
